question_id,video_id,video_path,correct_idx,pred_idx,is_correct,response,num_frames,frame_height,frame_width,total_pixels,requested_pixels,input_tokens,output_tokens,sample_fps_eff
fine_grained_action_localization_6,P02-20240209-184316,/content/drive/MyDrive/381V final project/eval data/trimmed_clips/fine_grained_action_localization_6.mp4,0,3,0,3,4,1408,1408,7929856,262144,562,2,0.030816640019257498
fine_grained_action_localization_31,P02-20240211-141313,/content/drive/MyDrive/381V final project/eval data/trimmed_clips/fine_grained_action_localization_31.mp4,3,1,0,1,4,1408,1408,7929856,262144,566,2,0.009039547856316964
fine_grained_action_localization_53,P02-20240211-111219,/content/drive/MyDrive/381V final project/eval data/trimmed_clips/fine_grained_action_localization_53.mp4,3,0,0,0,4,1408,1408,7929856,262144,562,2,0.023081362068670317
fine_grained_action_localization_66,P02-20240211-115653,/content/drive/MyDrive/381V final project/eval data/trimmed_clips/fine_grained_action_localization_66.mp4,2,0,0,0,4,1408,1408,7929856,262144,563,2,0.015764582548657587
fine_grained_action_localization_71,P02-20240209-194141,/content/drive/MyDrive/381V final project/eval data/trimmed_clips/fine_grained_action_localization_71.mp4,2,0,0,0,4,1408,1408,7929856,262144,562,2,0.010024225364454135
fine_grained_action_localization_81,P02-20240209-194141,/content/drive/MyDrive/381V final project/eval data/trimmed_clips/fine_grained_action_localization_81.mp4,3,1,0,1,4,1408,1408,7929856,262144,563,2,0.011835486377909767
fine_grained_action_localization_87,P02-20240211-111822,/content/drive/MyDrive/381V final project/eval data/trimmed_clips/fine_grained_action_localization_87.mp4,2,0,0,0,4,1408,1408,7929856,262144,567,2,0.009445843551461821
fine_grained_action_localization_99,P02-20240211-115653,/content/drive/MyDrive/381V final project/eval data/trimmed_clips/fine_grained_action_localization_99.mp4,3,4,0,4,4,1408,1408,7929856,262144,563,2,0.009910802426090192
fine_grained_action_localization_107,P02-20240211-111822,/content/drive/MyDrive/381V final project/eval data/trimmed_clips/fine_grained_action_localization_107.mp4,4,1,0,1,4,1408,1408,7929856,262144,563,2,0.02516778507381295
fine_grained_action_localization_114,P02-20240209-184316,/content/drive/MyDrive/381V final project/eval data/trimmed_clips/fine_grained_action_localization_114.mp4,4,2,0,2,4,1408,1408,7929856,262144,564,2,0.021917808591413512
fine_grained_action_localization_132,P02-20240209-184316,/content/drive/MyDrive/381V final project/eval data/trimmed_clips/fine_grained_action_localization_132.mp4,3,0,0,0,4,1408,1408,7929856,262144,562,2,0.021711598340379386
fine_grained_action_localization_144,P02-20240209-184316,/content/drive/MyDrive/381V final project/eval data/trimmed_clips/fine_grained_action_localization_144.mp4,0,1,0,1,4,1408,1408,7929856,262144,562,2,0.02742230232904535
fine_grained_action_localization_181,P02-20240209-184316,/content/drive/MyDrive/381V final project/eval data/trimmed_clips/fine_grained_action_localization_181.mp4,3,0,0,0,4,1408,1408,7929856,262144,563,2,0.013922728758958131
fine_grained_action_localization_193,P02-20240211-120927,/content/drive/MyDrive/381V final project/eval data/trimmed_clips/fine_grained_action_localization_193.mp4,2,0,0,0,4,1408,1408,7929856,262144,565,2,0.01306051414727566
fine_grained_action_localization_205,P02-20240211-104948,/content/drive/MyDrive/381V final project/eval data/trimmed_clips/fine_grained_action_localization_205.mp4,2,2,1,2,4,1408,1408,7929856,262144,565,2,0.02715546409837971
fine_grained_action_localization_217,P02-20240211-104948,/content/drive/MyDrive/381V final project/eval data/trimmed_clips/fine_grained_action_localization_217.mp4,4,0,0,0,4,1408,1408,7929856,262144,561,2,0.02715546409837971
fine_grained_action_localization_250,P02-20240211-141313,/content/drive/MyDrive/381V final project/eval data/trimmed_clips/fine_grained_action_localization_250.mp4,0,0,1,0,4,1408,1408,7929856,262144,563,2,0.009039547856316964
fine_grained_action_localization_256,P02-20240211-175138,/content/drive/MyDrive/381V final project/eval data/trimmed_clips/fine_grained_action_localization_256.mp4,1,3,0,3,4,1408,1408,7929856,262144,562,2,0.01721170411054593
fine_grained_action_localization_263,P02-20240211-175138,/content/drive/MyDrive/381V final project/eval data/trimmed_clips/fine_grained_action_localization_263.mp4,2,3,0,3,4,1408,1408,7929856,262144,562,2,0.011595322809855545
fine_grained_action_localization_312,P02-20240211-175138,/content/drive/MyDrive/381V final project/eval data/trimmed_clips/fine_grained_action_localization_312.mp4,3,0,0,0,4,1408,1408,7929856,262144,564,2,0.010028413889963554
fine_grained_action_localization_332,P02-20240211-111822,/content/drive/MyDrive/381V final project/eval data/trimmed_clips/fine_grained_action_localization_332.mp4,4,0,0,0,4,1408,1408,7929856,262144,562,2,0.026572187414155034
fine_grained_action_localization_360,P02-20240211-175138,/content/drive/MyDrive/381V final project/eval data/trimmed_clips/fine_grained_action_localization_360.mp4,0,0,1,0,4,1408,1408,7929856,262144,562,2,0.027855152620620178
fine_grained_action_localization_370,P02-20240209-184316,/content/drive/MyDrive/381V final project/eval data/trimmed_clips/fine_grained_action_localization_370.mp4,0,0,1,0,4,1408,1408,7929856,262144,562,2,0.015980822558762584
fine_grained_action_localization_421,P02-20240209-184316,/content/drive/MyDrive/381V final project/eval data/trimmed_clips/fine_grained_action_localization_421.mp4,3,0,0,0,4,1408,1408,7929856,262144,564,2,0.015980822558762584
fine_grained_action_localization_439,P02-20240209-194141,/content/drive/MyDrive/381V final project/eval data/trimmed_clips/fine_grained_action_localization_439.mp4,3,3,1,3,4,1408,1408,7929856,262144,562,2,0.01241208086330839
fine_grained_action_localization_460,P02-20240211-104948,/content/drive/MyDrive/381V final project/eval data/trimmed_clips/fine_grained_action_localization_460.mp4,2,2,1,2,4,1408,1408,7929856,262144,562,2,0.02715546409837971
fine_grained_action_localization_478,P02-20240209-184316,/content/drive/MyDrive/381V final project/eval data/trimmed_clips/fine_grained_action_localization_478.mp4,4,0,0,0,4,1408,1408,7929856,262144,562,2,0.02814919011567732
fine_grained_action_localization_504,P02-20240211-120927,/content/drive/MyDrive/381V final project/eval data/trimmed_clips/fine_grained_action_localization_504.mp4,4,3,0,3,4,1408,1408,7929856,262144,563,2,0.014219694482173355
fine_grained_action_localization_520,P02-20240211-111219,/content/drive/MyDrive/381V final project/eval data/trimmed_clips/fine_grained_action_localization_520.mp4,3,1,0,1,4,1408,1408,7929856,262144,562,2,0.023081362068670317
fine_grained_action_localization_538,P02-20240209-184316,/content/drive/MyDrive/381V final project/eval data/trimmed_clips/fine_grained_action_localization_538.mp4,2,1,0,1,4,1408,1408,7929856,262144,562,2,0.020325202726012875
fine_grained_action_localization_576,P02-20240211-120927,/content/drive/MyDrive/381V final project/eval data/trimmed_clips/fine_grained_action_localization_576.mp4,2,0,0,0,4,1408,1408,7929856,262144,564,2,0.013157894912271291
fine_grained_action_localization_600,P02-20240211-104948,/content/drive/MyDrive/381V final project/eval data/trimmed_clips/fine_grained_action_localization_600.mp4,1,2,0,2,4,1408,1408,7929856,262144,561,2,0.033268645155964206
fine_grained_action_localization_624,P02-20240211-141313,/content/drive/MyDrive/381V final project/eval data/trimmed_clips/fine_grained_action_localization_624.mp4,0,0,1,0,4,1408,1408,7929856,262144,563,2,0.028024287712899807
fine_grained_action_localization_642,P02-20240209-184316,/content/drive/MyDrive/381V final project/eval data/trimmed_clips/fine_grained_action_localization_642.mp4,1,2,0,2,4,1408,1408,7929856,262144,563,2,0.013922728758958131
fine_grained_action_localization_656,P02-20240210-122334,/content/drive/MyDrive/381V final project/eval data/trimmed_clips/fine_grained_action_localization_656.mp4,0,2,0,2,4,1408,1408,7929856,262144,564,2,0.012630249930449452
fine_grained_action_localization_677,P02-20240211-111822,/content/drive/MyDrive/381V final project/eval data/trimmed_clips/fine_grained_action_localization_677.mp4,1,0,0,0,4,1408,1408,7929856,262144,563,2,0.048289736392034224
fine_grained_action_localization_695,P02-20240210-195833,/content/drive/MyDrive/381V final project/eval data/trimmed_clips/fine_grained_action_localization_695.mp4,4,2,0,2,4,1408,1408,7929856,262144,563,2,0.020157903886426874
fine_grained_action_localization_715,P02-20240211-100250,/content/drive/MyDrive/381V final project/eval data/trimmed_clips/fine_grained_action_localization_715.mp4,3,0,0,0,4,1408,1408,7929856,262144,564,2,0.012503907551228538
fine_grained_action_localization_728,P02-20240211-120927,/content/drive/MyDrive/381V final project/eval data/trimmed_clips/fine_grained_action_localization_728.mp4,3,0,0,0,4,1408,1408,7929856,262144,564,2,0.010010845285367508
fine_grained_action_localization_753,P02-20240211-120927,/content/drive/MyDrive/381V final project/eval data/trimmed_clips/fine_grained_action_localization_753.mp4,4,0,0,0,4,1408,1408,7929856,262144,564,2,0.008150512769209722
fine_grained_action_localization_771,P02-20240209-194141,/content/drive/MyDrive/381V final project/eval data/trimmed_clips/fine_grained_action_localization_771.mp4,3,1,0,1,4,1408,1408,7929856,262144,562,2,0.011835486377909767
fine_grained_action_localization_778,P02-20240211-141313,/content/drive/MyDrive/381V final project/eval data/trimmed_clips/fine_grained_action_localization_778.mp4,1,0,0,0,4,1408,1408,7929856,262144,561,2,0.03065917339596898
fine_grained_action_localization_810,P02-20240211-141313,/content/drive/MyDrive/381V final project/eval data/trimmed_clips/fine_grained_action_localization_810.mp4,0,1,0,1,4,1408,1408,7929856,262144,563,2,0.008214114347075564
fine_grained_action_localization_844,P02-20240211-120927,/content/drive/MyDrive/381V final project/eval data/trimmed_clips/fine_grained_action_localization_844.mp4,1,2,0,2,4,1408,1408,7929856,262144,565,2,0.008150512769209722
fine_grained_action_localization_864,P02-20240211-175138,/content/drive/MyDrive/381V final project/eval data/trimmed_clips/fine_grained_action_localization_864.mp4,2,1,0,1,4,1408,1408,7929856,262144,562,2,0.027855152620620178
fine_grained_action_localization_883,P02-20240211-120927,/content/drive/MyDrive/381V final project/eval data/trimmed_clips/fine_grained_action_localization_883.mp4,0,2,0,2,4,1408,1408,7929856,262144,562,2,0.017311021730120852
fine_grained_action_localization_897,P02-20240209-184316,/content/drive/MyDrive/381V final project/eval data/trimmed_clips/fine_grained_action_localization_897.mp4,3,3,1,3,4,1408,1408,7929856,262144,561,2,0.04737465505923402
fine_grained_action_localization_913,P02-20240209-194141,/content/drive/MyDrive/381V final project/eval data/trimmed_clips/fine_grained_action_localization_913.mp4,0,0,1,0,4,1408,1408,7929856,262144,565,2,0.011835486377909767
fine_grained_action_localization_936,P02-20240211-141313,/content/drive/MyDrive/381V final project/eval data/trimmed_clips/fine_grained_action_localization_936.mp4,3,0,0,0,4,1408,1408,7929856,262144,564,2,0.02054794522225689
fine_grained_action_localization_944,P02-20240211-111219,/content/drive/MyDrive/381V final project/eval data/trimmed_clips/fine_grained_action_localization_944.mp4,4,0,0,0,4,1408,1408,7929856,262144,564,2,0.023081362068670317
fine_grained_action_localization_960,P02-20240211-104948,/content/drive/MyDrive/381V final project/eval data/trimmed_clips/fine_grained_action_localization_960.mp4,1,1,1,1,4,1408,1408,7929856,262144,566,2,0.02715546409837971
fine_grained_action_localization_973,P02-20240209-184316,/content/drive/MyDrive/381V final project/eval data/trimmed_clips/fine_grained_action_localization_973.mp4,3,1,0,1,4,1408,1408,7929856,262144,562,2,0.020325202726012875
fine_grained_action_localization_978,P02-20240211-120927,/content/drive/MyDrive/381V final project/eval data/trimmed_clips/fine_grained_action_localization_978.mp4,3,0,0,0,4,1408,1408,7929856,262144,563,2,0.008150512769209722
fine_grained_action_localization_998,P02-20240211-175138,/content/drive/MyDrive/381V final project/eval data/trimmed_clips/fine_grained_action_localization_998.mp4,0,0,1,0,4,1408,1408,7929856,262144,562,2,0.020026702889643894
fine_grained_action_localization_1009,P02-20240210-195833,/content/drive/MyDrive/381V final project/eval data/trimmed_clips/fine_grained_action_localization_1009.mp4,0,0,1,0,4,1408,1408,7929856,262144,562,2,0.020157903886426874
fine_grained_action_localization_1050,P02-20240211-120927,/content/drive/MyDrive/381V final project/eval data/trimmed_clips/fine_grained_action_localization_1050.mp4,4,0,0,0,4,1408,1408,7929856,262144,565,2,0.017311021730120852
fine_grained_action_localization_1077,P02-20240209-184316,/content/drive/MyDrive/381V final project/eval data/trimmed_clips/fine_grained_action_localization_1077.mp4,3,0,0,0,4,1408,1408,7929856,262144,563,2,0.015833222999861462
fine_grained_action_localization_1114,P02-20240211-120927,/content/drive/MyDrive/381V final project/eval data/trimmed_clips/fine_grained_action_localization_1114.mp4,0,0,1,0,4,1408,1408,7929856,262144,565,2,0.012071219903587047
fine_grained_action_localization_1130,P02-20240209-194141,/content/drive/MyDrive/381V final project/eval data/trimmed_clips/fine_grained_action_localization_1130.mp4,3,0,0,0,4,1408,1408,7929856,262144,563,2,0.01241208086330839
fine_grained_action_localization_1157,P02-20240211-120927,/content/drive/MyDrive/381V final project/eval data/trimmed_clips/fine_grained_action_localization_1157.mp4,0,0,1,0,4,1408,1408,7929856,262144,564,2,0.01306051414727566
fine_grained_action_localization_1186,P02-20240210-122334,/content/drive/MyDrive/381V final project/eval data/trimmed_clips/fine_grained_action_localization_1186.mp4,1,0,0,0,4,1408,1408,7929856,262144,565,2,0.01938610710146772
fine_grained_action_localization_1200,P02-20240211-175138,/content/drive/MyDrive/381V final project/eval data/trimmed_clips/fine_grained_action_localization_1200.mp4,0,1,0,1,4,1408,1408,7929856,262144,562,2,0.016673613510373293
fine_grained_action_localization_1240,P02-20240209-184316,/content/drive/MyDrive/381V final project/eval data/trimmed_clips/fine_grained_action_localization_1240.mp4,4,1,0,1,4,1408,1408,7929856,262144,562,2,0.020325202726012875
fine_grained_action_localization_1266,P02-20240211-175138,/content/drive/MyDrive/381V final project/eval data/trimmed_clips/fine_grained_action_localization_1266.mp4,2,1,0,1,4,1408,1408,7929856,262144,563,2,0.011595322809855545
fine_grained_action_localization_1272,P02-20240209-194141,/content/drive/MyDrive/381V final project/eval data/trimmed_clips/fine_grained_action_localization_1272.mp4,2,0,0,0,4,1408,1408,7929856,262144,563,2,0.010024225364454135
fine_grained_action_localization_1283,P02-20240211-141313,/content/drive/MyDrive/381V final project/eval data/trimmed_clips/fine_grained_action_localization_1283.mp4,2,2,1,2,4,1408,1408,7929856,262144,562,2,0.03065917339596898
fine_grained_action_localization_1292,P02-20240209-184316,/content/drive/MyDrive/381V final project/eval data/trimmed_clips/fine_grained_action_localization_1292.mp4,3,2,0,2,4,1408,1408,7929856,262144,563,2,0.014736583236799604
fine_grained_action_localization_1313,P02-20240209-194141,/content/drive/MyDrive/381V final project/eval data/trimmed_clips/fine_grained_action_localization_1313.mp4,2,3,0,3,4,1408,1408,7929856,262144,563,2,0.009761652729387548
fine_grained_action_localization_1328,P02-20240209-184316,/content/drive/MyDrive/381V final project/eval data/trimmed_clips/fine_grained_action_localization_1328.mp4,0,0,1,0,4,1408,1408,7929856,262144,561,2,0.043525570324598924
fine_grained_action_localization_1349,P02-20240209-184316,/content/drive/MyDrive/381V final project/eval data/trimmed_clips/fine_grained_action_localization_1349.mp4,3,2,0,2,4,1408,1408,7929856,262144,564,2,0.021917808591413512
fine_grained_action_localization_1364,P02-20240209-194141,/content/drive/MyDrive/381V final project/eval data/trimmed_clips/fine_grained_action_localization_1364.mp4,2,3,0,3,4,1408,1408,7929856,262144,562,2,0.009761652729387548
fine_grained_action_localization_1375,P02-20240211-111822,/content/drive/MyDrive/381V final project/eval data/trimmed_clips/fine_grained_action_localization_1375.mp4,2,0,0,0,4,1408,1408,7929856,262144,562,2,0.014251781575904563
fine_grained_action_localization_1407,P02-20240211-111822,/content/drive/MyDrive/381V final project/eval data/trimmed_clips/fine_grained_action_localization_1407.mp4,3,2,0,2,4,1408,1408,7929856,262144,565,2,0.014251781575904563
fine_grained_action_localization_1422,P02-20240211-115653,/content/drive/MyDrive/381V final project/eval data/trimmed_clips/fine_grained_action_localization_1422.mp4,4,0,0,0,4,1408,1408,7929856,262144,563,2,0.015764582548657587
fine_grained_action_localization_1438,P02-20240211-111822,/content/drive/MyDrive/381V final project/eval data/trimmed_clips/fine_grained_action_localization_1438.mp4,4,0,0,0,4,1408,1408,7929856,262144,564,2,0.025712448441525433
fine_grained_action_localization_1449,P02-20240210-122334,/content/drive/MyDrive/381V final project/eval data/trimmed_clips/fine_grained_action_localization_1449.mp4,0,2,0,2,4,1408,1408,7929856,262144,564,2,0.012630249930449452
fine_grained_action_localization_1485,P02-20240211-120927,/content/drive/MyDrive/381V final project/eval data/trimmed_clips/fine_grained_action_localization_1485.mp4,1,2,0,2,4,1408,1408,7929856,262144,565,2,0.01658833259221604
fine_grained_action_localization_1493,P02-20240209-194141,/content/drive/MyDrive/381V final project/eval data/trimmed_clips/fine_grained_action_localization_1493.mp4,0,0,1,0,4,1408,1408,7929856,262144,563,2,0.010024225364454135
fine_grained_action_localization_1499,P02-20240210-122334,/content/drive/MyDrive/381V final project/eval data/trimmed_clips/fine_grained_action_localization_1499.mp4,0,2,0,2,4,1408,1408,7929856,262144,562,2,0.012630249930449452
fine_grained_action_localization_1506,P02-20240210-122334,/content/drive/MyDrive/381V final project/eval data/trimmed_clips/fine_grained_action_localization_1506.mp4,3,1,0,1,4,1408,1408,7929856,262144,562,2,0.012630249930449452
fine_grained_action_localization_1518,P02-20240209-184316,/content/drive/MyDrive/381V final project/eval data/trimmed_clips/fine_grained_action_localization_1518.mp4,4,3,0,3,4,1408,1408,7929856,262144,565,2,0.021711598340379386
fine_grained_action_localization_1561,P02-20240211-175138,/content/drive/MyDrive/381V final project/eval data/trimmed_clips/fine_grained_action_localization_1561.mp4,4,2,0,2,4,1408,1408,7929856,262144,562,2,0.011595322809855545
fine_grained_action_localization_1569,P02-20240211-175138,/content/drive/MyDrive/381V final project/eval data/trimmed_clips/fine_grained_action_localization_1569.mp4,0,0,1,0,4,1408,1408,7929856,262144,561,2,0.027855152620620178
fine_grained_action_localization_1577,P02-20240211-120927,/content/drive/MyDrive/381V final project/eval data/trimmed_clips/fine_grained_action_localization_1577.mp4,2,2,1,2,4,1408,1408,7929856,262144,564,2,0.010010845285367508
fine_grained_action_localization_1599,P02-20240211-175138,/content/drive/MyDrive/381V final project/eval data/trimmed_clips/fine_grained_action_localization_1599.mp4,3,0,0,0,4,1408,1408,7929856,262144,561,2,0.027855152620620178
fine_grained_action_localization_1608,P02-20240211-175138,/content/drive/MyDrive/381V final project/eval data/trimmed_clips/fine_grained_action_localization_1608.mp4,0,0,1,0,4,1408,1408,7929856,262144,564,2,0.016673613510373293
fine_grained_action_localization_1644,P02-20240211-141313,/content/drive/MyDrive/381V final project/eval data/trimmed_clips/fine_grained_action_localization_1644.mp4,0,1,0,1,4,1408,1408,7929856,262144,564,2,0.02054794522225689
fine_grained_action_localization_1657,P02-20240210-100308,/content/drive/MyDrive/381V final project/eval data/trimmed_clips/fine_grained_action_localization_1657.mp4,3,0,0,0,4,1408,1408,7929856,262144,562,2,0.018936405878851554
fine_grained_action_localization_1690,P02-20240209-184316,/content/drive/MyDrive/381V final project/eval data/trimmed_clips/fine_grained_action_localization_1690.mp4,0,2,0,2,4,1408,1408,7929856,262144,562,2,0.020325202726012875
fine_grained_action_localization_1708,P02-20240211-175138,/content/drive/MyDrive/381V final project/eval data/trimmed_clips/fine_grained_action_localization_1708.mp4,3,0,0,0,4,1408,1408,7929856,262144,563,2,0.016673613510373293
fine_grained_action_localization_1719,P02-20240210-122334,/content/drive/MyDrive/381V final project/eval data/trimmed_clips/fine_grained_action_localization_1719.mp4,2,1,0,1,4,1408,1408,7929856,262144,564,2,0.01938610710146772
fine_grained_action_localization_1729,P02-20240211-141313,/content/drive/MyDrive/381V final project/eval data/trimmed_clips/fine_grained_action_localization_1729.mp4,1,0,0,0,4,1408,1408,7929856,262144,563,2,0.03065917339596898
fine_grained_action_localization_1745,P02-20240211-115653,/content/drive/MyDrive/381V final project/eval data/trimmed_clips/fine_grained_action_localization_1745.mp4,4,2,0,2,4,1408,1408,7929856,262144,563,2,0.009910802426090192
fine_grained_action_localization_1773,P02-20240211-175138,/content/drive/MyDrive/381V final project/eval data/trimmed_clips/fine_grained_action_localization_1773.mp4,2,1,0,1,4,1408,1408,7929856,262144,564,2,0.014130946776607707
fine_grained_action_localization_1792,P02-20240211-115653,/content/drive/MyDrive/381V final project/eval data/trimmed_clips/fine_grained_action_localization_1792.mp4,2,0,0,0,4,1408,1408,7929856,262144,563,2,0.015764582548657587
fine_grained_action_localization_1813,P02-20240211-141313,/content/drive/MyDrive/381V final project/eval data/trimmed_clips/fine_grained_action_localization_1813.mp4,1,0,0,0,4,1408,1408,7929856,262144,563,2,0.028024287712899807
fine_grained_action_localization_1835,P02-20240210-122334,/content/drive/MyDrive/381V final project/eval data/trimmed_clips/fine_grained_action_localization_1835.mp4,0,2,0,2,4,1408,1408,7929856,262144,565,2,0.012630249930449452
fine_grained_action_localization_1863,P02-20240211-111219,/content/drive/MyDrive/381V final project/eval data/trimmed_clips/fine_grained_action_localization_1863.mp4,2,3,0,3,4,1408,1408,7929856,262144,565,2,0.023242300300355553
fine_grained_action_localization_1885,P02-20240211-141313,/content/drive/MyDrive/381V final project/eval data/trimmed_clips/fine_grained_action_localization_1885.mp4,1,0,0,0,4,1408,1408,7929856,262144,564,2,0.01760821669984215
fine_grained_action_localization_1895,P02-20240211-120927,/content/drive/MyDrive/381V final project/eval data/trimmed_clips/fine_grained_action_localization_1895.mp4,2,0,0,0,4,1408,1408,7929856,262144,565,2,0.017311021730120852
fine_grained_action_localization_1907,P02-20240211-111822,/content/drive/MyDrive/381V final project/eval data/trimmed_clips/fine_grained_action_localization_1907.mp4,2,0,0,0,4,1408,1408,7929856,262144,563,2,0.01170731707044757
fine_grained_action_localization_1930,P02-20240209-184316,/content/drive/MyDrive/381V final project/eval data/trimmed_clips/fine_grained_action_localization_1930.mp4,0,0,1,0,4,1408,1408,7929856,262144,564,2,0.020325202726012875
fine_grained_action_localization_1941,P02-20240209-184316,/content/drive/MyDrive/381V final project/eval data/trimmed_clips/fine_grained_action_localization_1941.mp4,2,0,0,0,4,1408,1408,7929856,262144,562,2,0.01579155132968026
fine_grained_action_localization_1961,P02-20240211-141313,/content/drive/MyDrive/381V final project/eval data/trimmed_clips/fine_grained_action_localization_1961.mp4,2,0,0,0,4,1408,1408,7929856,262144,563,2,0.008214114347075564
fine_grained_action_localization_1974,P02-20240211-111822,/content/drive/MyDrive/381V final project/eval data/trimmed_clips/fine_grained_action_localization_1974.mp4,0,1,0,1,4,1408,1408,7929856,262144,564,2,0.008970621050519314
fine_grained_action_localization_2004,P02-20240211-175138,/content/drive/MyDrive/381V final project/eval data/trimmed_clips/fine_grained_action_localization_2004.mp4,2,0,0,0,4,1408,1408,7929856,262144,564,2,0.016673613510373293
fine_grained_action_localization_2032,P02-20240211-104948,/content/drive/MyDrive/381V final project/eval data/trimmed_clips/fine_grained_action_localization_2032.mp4,2,0,0,0,4,1408,1408,7929856,262144,561,2,0.033268645155964206
fine_grained_action_localization_2038,P02-20240211-141313,/content/drive/MyDrive/381V final project/eval data/trimmed_clips/fine_grained_action_localization_2038.mp4,3,2,0,2,4,1408,1408,7929856,262144,565,2,0.008214114347075564
fine_grained_action_localization_2044,P02-20240211-175138,/content/drive/MyDrive/381V final project/eval data/trimmed_clips/fine_grained_action_localization_2044.mp4,4,1,0,1,4,1408,1408,7929856,262144,563,2,0.016673613510373293
fine_grained_action_localization_2052,P02-20240211-141313,/content/drive/MyDrive/381V final project/eval data/trimmed_clips/fine_grained_action_localization_2052.mp4,2,1,0,1,4,1408,1408,7929856,262144,566,2,0.009039547856316964
fine_grained_action_localization_2081,P02-20240209-184316,/content/drive/MyDrive/381V final project/eval data/trimmed_clips/fine_grained_action_localization_2081.mp4,2,0,0,0,4,1408,1408,7929856,262144,562,2,0.021711598340379386
fine_grained_action_localization_2092,P02-20240211-115653,/content/drive/MyDrive/381V final project/eval data/trimmed_clips/fine_grained_action_localization_2092.mp4,1,3,0,3,4,1408,1408,7929856,262144,563,2,0.015764582548657587
fine_grained_action_localization_2098,P02-20240211-141313,/content/drive/MyDrive/381V final project/eval data/trimmed_clips/fine_grained_action_localization_2098.mp4,2,2,1,2,4,1408,1408,7929856,262144,562,2,0.0192585457763954
fine_grained_action_localization_2136,P02-20240209-184316,/content/drive/MyDrive/381V final project/eval data/trimmed_clips/fine_grained_action_localization_2136.mp4,0,3,0,3,4,1408,1408,7929856,262144,563,2,0.01579155132968026
fine_grained_action_localization_2154,P02-20240211-120927,/content/drive/MyDrive/381V final project/eval data/trimmed_clips/fine_grained_action_localization_2154.mp4,2,0,0,0,4,1408,1408,7929856,262144,562,2,0.017311021730120852
fine_grained_action_localization_2164,P02-20240211-175138,/content/drive/MyDrive/381V final project/eval data/trimmed_clips/fine_grained_action_localization_2164.mp4,1,1,1,1,4,1408,1408,7929856,262144,563,2,0.012578615868875768
fine_grained_action_localization_2233,P02-20240211-141313,/content/drive/MyDrive/381V final project/eval data/trimmed_clips/fine_grained_action_localization_2233.mp4,3,0,0,0,4,1408,1408,7929856,262144,564,2,0.01760821669984215
fine_grained_action_localization_2241,P02-20240211-141313,/content/drive/MyDrive/381V final project/eval data/trimmed_clips/fine_grained_action_localization_2241.mp4,0,0,1,0,4,1408,1408,7929856,262144,565,2,0.009039547856316964
fine_grained_action_localization_2278,P02-20240211-104948,/content/drive/MyDrive/381V final project/eval data/trimmed_clips/fine_grained_action_localization_2278.mp4,4,0,0,0,4,1408,1408,7929856,262144,562,2,0.02715546409837971
fine_grained_action_localization_2292,P02-20240211-175138,/content/drive/MyDrive/381V final project/eval data/trimmed_clips/fine_grained_action_localization_2292.mp4,1,3,0,3,4,1408,1408,7929856,262144,564,2,0.016673613510373293
fine_grained_action_localization_2332,P02-20240211-141313,/content/drive/MyDrive/381V final project/eval data/trimmed_clips/fine_grained_action_localization_2332.mp4,1,0,0,0,4,1408,1408,7929856,262144,562,2,0.008214114347075564
fine_grained_action_localization_2343,P02-20240211-175138,/content/drive/MyDrive/381V final project/eval data/trimmed_clips/fine_grained_action_localization_2343.mp4,2,1,0,1,4,1408,1408,7929856,262144,564,2,0.014130946776607707
fine_grained_action_localization_2355,P02-20240211-141313,/content/drive/MyDrive/381V final project/eval data/trimmed_clips/fine_grained_action_localization_2355.mp4,2,0,0,0,4,1408,1408,7929856,262144,563,2,0.009039547856316964
fine_grained_action_localization_2378,P02-20240211-115653,/content/drive/MyDrive/381V final project/eval data/trimmed_clips/fine_grained_action_localization_2378.mp4,0,0,1,0,4,1408,1408,7929856,262144,563,2,0.015764582548657587
fine_grained_action_localization_2408,P02-20240211-141313,/content/drive/MyDrive/381V final project/eval data/trimmed_clips/fine_grained_action_localization_2408.mp4,2,0,0,0,4,1408,1408,7929856,262144,562,2,0.008214114347075564
fine_grained_action_localization_2419,P02-20240211-141313,/content/drive/MyDrive/381V final project/eval data/trimmed_clips/fine_grained_action_localization_2419.mp4,1,3,0,3,4,1408,1408,7929856,262144,566,2,0.009039547856316964
fine_grained_action_localization_2436,P02-20240211-111219,/content/drive/MyDrive/381V final project/eval data/trimmed_clips/fine_grained_action_localization_2436.mp4,4,0,0,0,4,1408,1408,7929856,262144,562,2,0.023081362068670317
fine_grained_action_localization_2442,P02-20240211-111822,/content/drive/MyDrive/381V final project/eval data/trimmed_clips/fine_grained_action_localization_2442.mp4,2,2,1,2,4,1408,1408,7929856,262144,563,2,0.012623605578021464
fine_grained_action_localization_2457,P02-20240211-111219,/content/drive/MyDrive/381V final project/eval data/trimmed_clips/fine_grained_action_localization_2457.mp4,2,0,0,0,4,1408,1408,7929856,262144,564,2,0.025386081128767116
fine_grained_action_localization_2478,P02-20240209-184316,/content/drive/MyDrive/381V final project/eval data/trimmed_clips/fine_grained_action_localization_2478.mp4,1,2,0,2,4,1408,1408,7929856,262144,561,2,0.04737465505923402
fine_grained_action_localization_2484,P02-20240211-120927,/content/drive/MyDrive/381V final project/eval data/trimmed_clips/fine_grained_action_localization_2484.mp4,1,2,0,2,4,1408,1408,7929856,262144,563,2,0.014219694482173355
fine_grained_action_localization_2494,P02-20240211-120927,/content/drive/MyDrive/381V final project/eval data/trimmed_clips/fine_grained_action_localization_2494.mp4,4,0,0,0,4,1408,1408,7929856,262144,565,2,0.017311021730120852
fine_grained_action_localization_2502,P02-20240211-104948,/content/drive/MyDrive/381V final project/eval data/trimmed_clips/fine_grained_action_localization_2502.mp4,4,1,0,1,4,1408,1408,7929856,262144,565,2,0.02715546409837971
fine_grained_action_localization_2516,P02-20240211-141313,/content/drive/MyDrive/381V final project/eval data/trimmed_clips/fine_grained_action_localization_2516.mp4,0,0,1,0,4,1408,1408,7929856,262144,565,2,0.009039547856316964
fine_grained_action_localization_2555,P02-20240211-111822,/content/drive/MyDrive/381V final project/eval data/trimmed_clips/fine_grained_action_localization_2555.mp4,4,0,0,0,4,1408,1408,7929856,262144,565,2,0.014596764925325264
fine_grained_action_localization_2563,P02-20240209-184316,/content/drive/MyDrive/381V final project/eval data/trimmed_clips/fine_grained_action_localization_2563.mp4,3,3,1,3,4,1408,1408,7929856,262144,564,2,0.0112771358661335
fine_grained_action_localization_2581,P02-20240211-141313,/content/drive/MyDrive/381V final project/eval data/trimmed_clips/fine_grained_action_localization_2581.mp4,1,1,1,1,4,1408,1408,7929856,262144,563,2,0.008214114347075564
fine_grained_action_localization_2644,P02-20240210-195833,/content/drive/MyDrive/381V final project/eval data/trimmed_clips/fine_grained_action_localization_2644.mp4,0,0,1,0,4,1408,1408,7929856,262144,562,2,0.020157903886426874
fine_grained_action_localization_2656,P02-20240211-141313,/content/drive/MyDrive/381V final project/eval data/trimmed_clips/fine_grained_action_localization_2656.mp4,2,0,0,0,4,1408,1408,7929856,262144,562,2,0.009039547856316964
fine_grained_action_localization_2677,P02-20240209-194141,/content/drive/MyDrive/381V final project/eval data/trimmed_clips/fine_grained_action_localization_2677.mp4,0,0,1,0,4,1408,1408,7929856,262144,562,2,0.010024225364454135
fine_grained_action_localization_2685,P02-20240210-122334,/content/drive/MyDrive/381V final project/eval data/trimmed_clips/fine_grained_action_localization_2685.mp4,0,0,1,0,4,1408,1408,7929856,262144,563,2,0.01938610710146772
fine_grained_action_localization_2706,P02-20240209-184316,/content/drive/MyDrive/381V final project/eval data/trimmed_clips/fine_grained_action_localization_2706.mp4,4,3,0,3,4,1408,1408,7929856,262144,562,2,0.014736583236799604
fine_grained_action_localization_2733,P02-20240211-175138,/content/drive/MyDrive/381V final project/eval data/trimmed_clips/fine_grained_action_localization_2733.mp4,3,1,0,1,4,1408,1408,7929856,262144,562,2,0.01721170411054593
fine_grained_action_localization_2751,P02-20240211-111219,/content/drive/MyDrive/381V final project/eval data/trimmed_clips/fine_grained_action_localization_2751.mp4,3,0,0,0,4,1408,1408,7929856,262144,565,2,0.023242300300355553
fine_grained_action_localization_2783,P02-20240211-115653,/content/drive/MyDrive/381V final project/eval data/trimmed_clips/fine_grained_action_localization_2783.mp4,2,2,1,2,4,1408,1408,7929856,262144,563,2,0.015764582548657587
fine_grained_action_localization_2796,P02-20240211-175138,/content/drive/MyDrive/381V final project/eval data/trimmed_clips/fine_grained_action_localization_2796.mp4,3,1,0,1,4,1408,1408,7929856,262144,566,2,0.012578615868875768
fine_grained_action_localization_2814,P02-20240211-141313,/content/drive/MyDrive/381V final project/eval data/trimmed_clips/fine_grained_action_localization_2814.mp4,2,0,0,0,4,1408,1408,7929856,262144,565,2,0.009039547856316964
fine_grained_action_localization_2827,P02-20240211-120927,/content/drive/MyDrive/381V final project/eval data/trimmed_clips/fine_grained_action_localization_2827.mp4,1,0,0,0,4,1408,1408,7929856,262144,563,2,0.014270425275849225
fine_grained_action_localization_2837,P02-20240211-141313,/content/drive/MyDrive/381V final project/eval data/trimmed_clips/fine_grained_action_localization_2837.mp4,2,0,0,0,4,1408,1408,7929856,262144,563,2,0.008214114347075564
fine_grained_action_localization_2873,P02-20240211-120927,/content/drive/MyDrive/381V final project/eval data/trimmed_clips/fine_grained_action_localization_2873.mp4,2,1,0,1,4,1408,1408,7929856,262144,564,2,0.017311021730120852
fine_grained_action_localization_2925,P02-20240211-111219,/content/drive/MyDrive/381V final project/eval data/trimmed_clips/fine_grained_action_localization_2925.mp4,3,0,0,0,4,1408,1408,7929856,262144,562,2,0.023081362068670317
fine_grained_action_localization_2928,P02-20240211-111219,/content/drive/MyDrive/381V final project/eval data/trimmed_clips/fine_grained_action_localization_2928.mp4,3,3,1,3,4,1408,1408,7929856,262144,565,2,0.023081362068670317
fine_grained_action_localization_2950,P02-20240211-175138,/content/drive/MyDrive/381V final project/eval data/trimmed_clips/fine_grained_action_localization_2950.mp4,0,0,1,0,4,1408,1408,7929856,262144,562,2,0.027855152620620178
fine_grained_action_localization_2987,P02-20240211-141313,/content/drive/MyDrive/381V final project/eval data/trimmed_clips/fine_grained_action_localization_2987.mp4,4,0,0,0,4,1408,1408,7929856,262144,564,2,0.008214114347075564
fine_grained_action_localization_2998,P02-20240211-120927,/content/drive/MyDrive/381V final project/eval data/trimmed_clips/fine_grained_action_localization_2998.mp4,1,2,0,2,4,1408,1408,7929856,262144,564,2,0.016652789190145397
fine_grained_action_localization_3013,P02-20240211-141313,/content/drive/MyDrive/381V final project/eval data/trimmed_clips/fine_grained_action_localization_3013.mp4,3,0,0,0,4,1408,1408,7929856,262144,562,2,0.008214114347075564
fine_grained_action_localization_3047,P02-20240211-141313,/content/drive/MyDrive/381V final project/eval data/trimmed_clips/fine_grained_action_localization_3047.mp4,3,0,0,0,4,1408,1408,7929856,262144,566,2,0.019105238576203616
fine_grained_action_localization_3068,P02-20240211-120927,/content/drive/MyDrive/381V final project/eval data/trimmed_clips/fine_grained_action_localization_3068.mp4,0,4,0,4,4,1408,1408,7929856,262144,563,2,0.014270425275849225
fine_grained_action_localization_3079,P02-20240211-104948,/content/drive/MyDrive/381V final project/eval data/trimmed_clips/fine_grained_action_localization_3079.mp4,4,0,0,0,4,1408,1408,7929856,262144,561,2,0.02715546409837971
fine_grained_action_localization_3087,P02-20240211-120927,/content/drive/MyDrive/381V final project/eval data/trimmed_clips/fine_grained_action_localization_3087.mp4,0,0,1,0,4,1408,1408,7929856,262144,563,2,0.014219694482173355
fine_grained_action_localization_3111,P02-20240209-184316,/content/drive/MyDrive/381V final project/eval data/trimmed_clips/fine_grained_action_localization_3111.mp4,1,2,0,2,4,1408,1408,7929856,262144,563,2,0.02742230232904535
fine_grained_action_localization_3127,P02-20240209-194141,/content/drive/MyDrive/381V final project/eval data/trimmed_clips/fine_grained_action_localization_3127.mp4,3,0,0,0,4,1408,1408,7929856,262144,562,2,0.009761652729387548
fine_grained_action_localization_3147,P02-20240209-194141,/content/drive/MyDrive/381V final project/eval data/trimmed_clips/fine_grained_action_localization_3147.mp4,3,2,0,2,4,1408,1408,7929856,262144,565,2,0.011835486377909767
fine_grained_action_localization_3181,P02-20240211-175138,/content/drive/MyDrive/381V final project/eval data/trimmed_clips/fine_grained_action_localization_3181.mp4,1,4,0,4,4,1408,1408,7929856,262144,564,2,0.010028413889963554
fine_grained_action_localization_3221,P02-20240211-120927,/content/drive/MyDrive/381V final project/eval data/trimmed_clips/fine_grained_action_localization_3221.mp4,4,0,0,0,4,1408,1408,7929856,262144,563,2,0.014270425275849225
fine_grained_action_localization_3238,P02-20240211-141313,/content/drive/MyDrive/381V final project/eval data/trimmed_clips/fine_grained_action_localization_3238.mp4,4,0,0,0,4,1408,1408,7929856,262144,561,2,0.03065917339596898
fine_grained_action_localization_3273,P02-20240211-175138,/content/drive/MyDrive/381V final project/eval data/trimmed_clips/fine_grained_action_localization_3273.mp4,0,0,1,0,4,1408,1408,7929856,262144,562,2,0.01721170411054593
fine_grained_action_localization_3304,P02-20240209-194141,/content/drive/MyDrive/381V final project/eval data/trimmed_clips/fine_grained_action_localization_3304.mp4,4,0,0,0,4,1408,1408,7929856,262144,563,2,0.011835486377909767
fine_grained_action_localization_3323,P02-20240211-141313,/content/drive/MyDrive/381V final project/eval data/trimmed_clips/fine_grained_action_localization_3323.mp4,0,0,1,0,4,1408,1408,7929856,262144,564,2,0.008214114347075564
fine_grained_action_localization_3354,P02-20240209-184316,/content/drive/MyDrive/381V final project/eval data/trimmed_clips/fine_grained_action_localization_3354.mp4,0,0,1,0,4,1408,1408,7929856,262144,563,2,0.02814919011567732
fine_grained_action_localization_3362,P02-20240211-175138,/content/drive/MyDrive/381V final project/eval data/trimmed_clips/fine_grained_action_localization_3362.mp4,3,2,0,2,4,1408,1408,7929856,262144,562,2,0.011595322809855545
fine_grained_action_localization_3390,P02-20240209-184316,/content/drive/MyDrive/381V final project/eval data/trimmed_clips/fine_grained_action_localization_3390.mp4,1,3,0,3,4,1408,1408,7929856,262144,561,2,0.04737465505923402
fine_grained_action_localization_3398,P02-20240211-141313,/content/drive/MyDrive/381V final project/eval data/trimmed_clips/fine_grained_action_localization_3398.mp4,3,0,0,0,4,1408,1408,7929856,262144,563,2,0.008214114347075564
fine_grained_action_localization_3411,P02-20240209-194141,/content/drive/MyDrive/381V final project/eval data/trimmed_clips/fine_grained_action_localization_3411.mp4,0,0,1,0,4,1408,1408,7929856,262144,562,2,0.01241208086330839
fine_grained_action_localization_3418,P02-20240211-111822,/content/drive/MyDrive/381V final project/eval data/trimmed_clips/fine_grained_action_localization_3418.mp4,2,1,0,1,4,1408,1408,7929856,262144,562,2,0.014251781575904563
fine_grained_action_localization_3424,P02-20240211-175138,/content/drive/MyDrive/381V final project/eval data/trimmed_clips/fine_grained_action_localization_3424.mp4,3,1,0,1,4,1408,1408,7929856,262144,562,2,0.027855152620620178
fine_grained_action_localization_3444,P02-20240211-120927,/content/drive/MyDrive/381V final project/eval data/trimmed_clips/fine_grained_action_localization_3444.mp4,0,0,1,0,4,1408,1408,7929856,262144,562,2,0.04640371230340111
fine_grained_action_localization_3454,P02-20240211-175138,/content/drive/MyDrive/381V final project/eval data/trimmed_clips/fine_grained_action_localization_3454.mp4,2,2,1,2,4,1408,1408,7929856,262144,562,2,0.010028413889963554
fine_grained_action_localization_3469,P02-20240211-120927,/content/drive/MyDrive/381V final project/eval data/trimmed_clips/fine_grained_action_localization_3469.mp4,0,0,1,0,4,1408,1408,7929856,262144,564,2,0.01306051414727566
fine_grained_action_localization_3482,P02-20240211-120927,/content/drive/MyDrive/381V final project/eval data/trimmed_clips/fine_grained_action_localization_3482.mp4,0,4,0,4,4,1408,1408,7929856,262144,564,2,0.017311021730120852
fine_grained_action_localization_3499,P02-20240209-184316,/content/drive/MyDrive/381V final project/eval data/trimmed_clips/fine_grained_action_localization_3499.mp4,3,0,0,0,4,1408,1408,7929856,262144,564,2,0.015980822558762584
fine_grained_action_localization_3519,P02-20240211-120927,/content/drive/MyDrive/381V final project/eval data/trimmed_clips/fine_grained_action_localization_3519.mp4,4,0,0,0,4,1408,1408,7929856,262144,565,2,0.014219694482173355
fine_grained_action_localization_3554,P02-20240211-111822,/content/drive/MyDrive/381V final project/eval data/trimmed_clips/fine_grained_action_localization_3554.mp4,1,1,1,1,4,1408,1408,7929856,262144,562,2,0.014251781575904563
fine_grained_action_localization_3574,P02-20240211-111822,/content/drive/MyDrive/381V final project/eval data/trimmed_clips/fine_grained_action_localization_3574.mp4,3,0,0,0,4,1408,1408,7929856,262144,563,2,0.014251781575904563
fine_grained_action_localization_3610,P02-20240209-184316,/content/drive/MyDrive/381V final project/eval data/trimmed_clips/fine_grained_action_localization_3610.mp4,1,0,0,0,4,1408,1408,7929856,262144,563,2,0.01579155132968026
fine_grained_action_localization_3626,P02-20240211-120927,/content/drive/MyDrive/381V final project/eval data/trimmed_clips/fine_grained_action_localization_3626.mp4,2,0,0,0,4,1408,1408,7929856,262144,563,2,0.01658833259221604
fine_grained_action_localization_3635,P02-20240211-115653,/content/drive/MyDrive/381V final project/eval data/trimmed_clips/fine_grained_action_localization_3635.mp4,1,0,0,0,4,1408,1408,7929856,262144,564,2,0.015764582548657587
fine_grained_action_localization_3642,P02-20240211-141313,/content/drive/MyDrive/381V final project/eval data/trimmed_clips/fine_grained_action_localization_3642.mp4,0,0,1,0,4,1408,1408,7929856,262144,561,2,0.028024287712899807
fine_grained_action_localization_3663,P02-20240211-120927,/content/drive/MyDrive/381V final project/eval data/trimmed_clips/fine_grained_action_localization_3663.mp4,0,2,0,2,4,1408,1408,7929856,262144,564,2,0.013157894912271291
fine_grained_action_localization_3666,P02-20240211-111822,/content/drive/MyDrive/381V final project/eval data/trimmed_clips/fine_grained_action_localization_3666.mp4,4,4,1,4,4,1408,1408,7929856,262144,564,2,0.014251781575904563
fine_grained_action_localization_3682,P02-20240209-184316,/content/drive/MyDrive/381V final project/eval data/trimmed_clips/fine_grained_action_localization_3682.mp4,2,3,0,3,4,1408,1408,7929856,262144,563,2,0.015980822558762584
fine_grained_action_localization_3706,P02-20240210-100308,/content/drive/MyDrive/381V final project/eval data/trimmed_clips/fine_grained_action_localization_3706.mp4,4,0,0,0,4,1408,1408,7929856,262144,562,2,0.018936405878851554
fine_grained_action_localization_3718,P02-20240211-175138,/content/drive/MyDrive/381V final project/eval data/trimmed_clips/fine_grained_action_localization_3718.mp4,4,3,0,3,4,1408,1408,7929856,262144,562,2,0.016673613510373293
fine_grained_action_localization_3755,P02-20240211-175138,/content/drive/MyDrive/381V final project/eval data/trimmed_clips/fine_grained_action_localization_3755.mp4,4,0,0,0,4,1408,1408,7929856,262144,562,2,0.01721170411054593
fine_grained_action_localization_3793,P02-20240211-111822,/content/drive/MyDrive/381V final project/eval data/trimmed_clips/fine_grained_action_localization_3793.mp4,4,1,0,1,4,1408,1408,7929856,262144,565,2,0.014251781575904563
fine_grained_action_localization_3807,P02-20240209-194141,/content/drive/MyDrive/381V final project/eval data/trimmed_clips/fine_grained_action_localization_3807.mp4,4,0,0,0,4,1408,1408,7929856,262144,563,2,0.009761652729387548
fine_grained_action_localization_3821,P02-20240211-120927,/content/drive/MyDrive/381V final project/eval data/trimmed_clips/fine_grained_action_localization_3821.mp4,1,3,0,3,4,1408,1408,7929856,262144,564,2,0.008150512769209722
fine_grained_action_localization_3829,P02-20240211-175138,/content/drive/MyDrive/381V final project/eval data/trimmed_clips/fine_grained_action_localization_3829.mp4,2,3,0,3,4,1408,1408,7929856,262144,562,2,0.011595322809855545
fine_grained_action_localization_3839,P02-20240211-141313,/content/drive/MyDrive/381V final project/eval data/trimmed_clips/fine_grained_action_localization_3839.mp4,2,0,0,0,4,1408,1408,7929856,262144,563,2,0.03065917339596898
fine_grained_action_localization_3871,P02-20240209-184316,/content/drive/MyDrive/381V final project/eval data/trimmed_clips/fine_grained_action_localization_3871.mp4,3,2,0,2,4,1408,1408,7929856,262144,562,2,0.020325202726012875
fine_grained_action_localization_3886,P02-20240211-175138,/content/drive/MyDrive/381V final project/eval data/trimmed_clips/fine_grained_action_localization_3886.mp4,3,0,0,0,4,1408,1408,7929856,262144,562,2,0.01721170411054593
fine_grained_action_localization_3906,P02-20240211-120927,/content/drive/MyDrive/381V final project/eval data/trimmed_clips/fine_grained_action_localization_3906.mp4,4,3,0,3,4,1408,1408,7929856,262144,564,2,0.00860955649472974
fine_grained_action_localization_3926,P02-20240211-175138,/content/drive/MyDrive/381V final project/eval data/trimmed_clips/fine_grained_action_localization_3926.mp4,3,3,1,3,4,1408,1408,7929856,262144,564,2,0.014130946776607707
fine_grained_action_localization_3946,P02-20240209-194141,/content/drive/MyDrive/381V final project/eval data/trimmed_clips/fine_grained_action_localization_3946.mp4,2,1,0,1,4,1408,1408,7929856,262144,563,2,0.011835486377909767
fine_grained_action_localization_3952,P02-20240211-120927,/content/drive/MyDrive/381V final project/eval data/trimmed_clips/fine_grained_action_localization_3952.mp4,0,3,0,3,4,1408,1408,7929856,262144,564,2,0.016652789190145397
fine_grained_action_localization_3956,P02-20240211-120927,/content/drive/MyDrive/381V final project/eval data/trimmed_clips/fine_grained_action_localization_3956.mp4,0,0,1,0,4,1408,1408,7929856,262144,563,2,0.01306051414727566
fine_grained_action_localization_3966,P02-20240209-194141,/content/drive/MyDrive/381V final project/eval data/trimmed_clips/fine_grained_action_localization_3966.mp4,4,0,0,0,4,1408,1408,7929856,262144,563,2,0.011835486377909767
fine_grained_action_localization_3989,P02-20240211-175138,/content/drive/MyDrive/381V final project/eval data/trimmed_clips/fine_grained_action_localization_3989.mp4,4,0,0,0,4,1408,1408,7929856,262144,564,2,0.016673613510373293
fine_grained_action_localization_3995,P02-20240210-122334,/content/drive/MyDrive/381V final project/eval data/trimmed_clips/fine_grained_action_localization_3995.mp4,2,0,0,0,4,1408,1408,7929856,262144,564,2,0.01938610710146772
fine_grained_action_localization_4025,P02-20240209-184316,/content/drive/MyDrive/381V final project/eval data/trimmed_clips/fine_grained_action_localization_4025.mp4,3,0,0,0,4,1408,1408,7929856,262144,565,2,0.0112771358661335
fine_grained_action_localization_4065,P02-20240211-141313,/content/drive/MyDrive/381V final project/eval data/trimmed_clips/fine_grained_action_localization_4065.mp4,3,3,1,3,4,1408,1408,7929856,262144,563,2,0.008214114347075564
fine_grained_action_localization_4095,P02-20240211-111822,/content/drive/MyDrive/381V final project/eval data/trimmed_clips/fine_grained_action_localization_4095.mp4,1,1,1,1,4,1408,1408,7929856,262144,564,2,0.025712448441525433
fine_grained_action_localization_4137,P02-20240211-141313,/content/drive/MyDrive/381V final project/eval data/trimmed_clips/fine_grained_action_localization_4137.mp4,0,2,0,2,4,1408,1408,7929856,262144,565,2,0.019105238576203616
fine_grained_action_localization_4154,P02-20240211-175138,/content/drive/MyDrive/381V final project/eval data/trimmed_clips/fine_grained_action_localization_4154.mp4,3,0,0,0,4,1408,1408,7929856,262144,564,2,0.012578615868875768
fine_grained_action_localization_4164,P02-20240211-120927,/content/drive/MyDrive/381V final project/eval data/trimmed_clips/fine_grained_action_localization_4164.mp4,3,3,1,3,4,1408,1408,7929856,262144,564,2,0.02477291589250763
fine_grained_action_localization_4202,P02-20240211-141313,/content/drive/MyDrive/381V final project/eval data/trimmed_clips/fine_grained_action_localization_4202.mp4,2,0,0,0,4,1408,1408,7929856,262144,567,2,0.009039547856316964
fine_grained_action_localization_4241,P02-20240211-141313,/content/drive/MyDrive/381V final project/eval data/trimmed_clips/fine_grained_action_localization_4241.mp4,2,0,0,0,4,1408,1408,7929856,262144,563,2,0.01760821669984215
fine_grained_action_localization_4265,P02-20240211-175138,/content/drive/MyDrive/381V final project/eval data/trimmed_clips/fine_grained_action_localization_4265.mp4,2,4,0,4,4,1408,1408,7929856,262144,562,2,0.028708133152565513
fine_grained_action_localization_4292,P02-20240211-120927,/content/drive/MyDrive/381V final project/eval data/trimmed_clips/fine_grained_action_localization_4292.mp4,4,0,0,0,4,1408,1408,7929856,262144,563,2,0.02477291589250763
fine_grained_action_localization_4303,P02-20240211-175138,/content/drive/MyDrive/381V final project/eval data/trimmed_clips/fine_grained_action_localization_4303.mp4,2,4,0,4,4,1408,1408,7929856,262144,566,2,0.035149385669113235
fine_grained_action_localization_4322,P02-20240209-184316,/content/drive/MyDrive/381V final project/eval data/trimmed_clips/fine_grained_action_localization_4322.mp4,2,1,0,1,4,1408,1408,7929856,262144,565,2,0.0112771358661335
fine_grained_action_localization_4339,P02-20240211-175138,/content/drive/MyDrive/381V final project/eval data/trimmed_clips/fine_grained_action_localization_4339.mp4,1,0,0,0,4,1408,1408,7929856,262144,563,2,0.011595322809855545
fine_grained_action_localization_4346,P02-20240209-194141,/content/drive/MyDrive/381V final project/eval data/trimmed_clips/fine_grained_action_localization_4346.mp4,2,2,1,2,4,1408,1408,7929856,262144,563,2,0.009761652729387548
fine_grained_action_localization_4365,P02-20240211-115653,/content/drive/MyDrive/381V final project/eval data/trimmed_clips/fine_grained_action_localization_4365.mp4,2,0,0,0,4,1408,1408,7929856,262144,563,2,0.009910802426090192
fine_grained_action_localization_4377,P02-20240211-120927,/content/drive/MyDrive/381V final project/eval data/trimmed_clips/fine_grained_action_localization_4377.mp4,1,2,0,2,4,1408,1408,7929856,262144,562,2,0.04640371230340111
fine_grained_action_localization_4402,P02-20240209-184316,/content/drive/MyDrive/381V final project/eval data/trimmed_clips/fine_grained_action_localization_4402.mp4,1,2,0,2,4,1408,1408,7929856,262144,565,2,0.0112771358661335
fine_grained_action_localization_4418,P02-20240211-120927,/content/drive/MyDrive/381V final project/eval data/trimmed_clips/fine_grained_action_localization_4418.mp4,2,0,0,0,4,1408,1408,7929856,262144,564,2,0.02477291589250763
fine_grained_action_localization_4438,P02-20240211-120927,/content/drive/MyDrive/381V final project/eval data/trimmed_clips/fine_grained_action_localization_4438.mp4,2,0,0,0,4,1408,1408,7929856,262144,563,2,0.02477291589250763
fine_grained_action_localization_4472,P02-20240211-111822,/content/drive/MyDrive/381V final project/eval data/trimmed_clips/fine_grained_action_localization_4472.mp4,3,0,0,0,4,1408,1408,7929856,262144,565,2,0.014251781575904563
fine_grained_action_localization_4476,P02-20240209-184316,/content/drive/MyDrive/381V final project/eval data/trimmed_clips/fine_grained_action_localization_4476.mp4,3,0,0,0,4,1408,1408,7929856,262144,563,2,0.026466695715385603
fine_grained_action_localization_4509,P02-20240211-120927,/content/drive/MyDrive/381V final project/eval data/trimmed_clips/fine_grained_action_localization_4509.mp4,4,0,0,0,4,1408,1408,7929856,262144,565,2,0.014219694482173355
fine_grained_action_localization_4535,P02-20240211-141313,/content/drive/MyDrive/381V final project/eval data/trimmed_clips/fine_grained_action_localization_4535.mp4,2,0,0,0,4,1408,1408,7929856,262144,564,2,0.019801980712205555
fine_grained_action_localization_4564,P02-20240211-175138,/content/drive/MyDrive/381V final project/eval data/trimmed_clips/fine_grained_action_localization_4564.mp4,2,0,0,0,4,1408,1408,7929856,262144,563,2,0.02985074602965391
fine_grained_action_localization_4573,P02-20240211-175138,/content/drive/MyDrive/381V final project/eval data/trimmed_clips/fine_grained_action_localization_4573.mp4,3,4,0,4,4,1408,1408,7929856,262144,563,2,0.035149385669113235
fine_grained_action_localization_4601,P02-20240211-120927,/content/drive/MyDrive/381V final project/eval data/trimmed_clips/fine_grained_action_localization_4601.mp4,3,0,0,0,4,1408,1408,7929856,262144,563,2,0.02477291589250763
fine_grained_action_localization_4624,P02-20240209-184316,/content/drive/MyDrive/381V final project/eval data/trimmed_clips/fine_grained_action_localization_4624.mp4,2,0,0,0,4,1408,1408,7929856,262144,563,2,0.014736583236799604
fine_grained_action_localization_4647,P02-20240209-184316,/content/drive/MyDrive/381V final project/eval data/trimmed_clips/fine_grained_action_localization_4647.mp4,0,0,1,0,4,1408,1408,7929856,262144,564,2,0.01579155132968026
fine_grained_action_localization_4657,P02-20240211-175138,/content/drive/MyDrive/381V final project/eval data/trimmed_clips/fine_grained_action_localization_4657.mp4,1,0,0,0,4,1408,1408,7929856,262144,564,2,0.010028413889963554
fine_grained_action_localization_4688,P02-20240211-111822,/content/drive/MyDrive/381V final project/eval data/trimmed_clips/fine_grained_action_localization_4688.mp4,0,0,1,0,4,1408,1408,7929856,262144,563,2,0.014979402863731962
fine_grained_action_localization_4729,P02-20240211-111219,/content/drive/MyDrive/381V final project/eval data/trimmed_clips/fine_grained_action_localization_4729.mp4,3,0,0,0,4,1408,1408,7929856,262144,561,2,0.025386081128767116
fine_grained_action_localization_4752,P02-20240211-141313,/content/drive/MyDrive/381V final project/eval data/trimmed_clips/fine_grained_action_localization_4752.mp4,3,0,0,0,4,1408,1408,7929856,262144,566,2,0.009039547856316964
fine_grained_action_localization_4769,P02-20240210-122334,/content/drive/MyDrive/381V final project/eval data/trimmed_clips/fine_grained_action_localization_4769.mp4,2,0,0,0,4,1408,1408,7929856,262144,563,2,0.01938610710146772
fine_grained_action_localization_4779,P02-20240211-175138,/content/drive/MyDrive/381V final project/eval data/trimmed_clips/fine_grained_action_localization_4779.mp4,3,3,1,3,4,1408,1408,7929856,262144,562,2,0.014130946776607707
fine_grained_action_localization_4835,P02-20240209-184316,/content/drive/MyDrive/381V final project/eval data/trimmed_clips/fine_grained_action_localization_4835.mp4,1,2,0,2,4,1408,1408,7929856,262144,561,2,0.026466695715385603
fine_grained_action_localization_4863,P02-20240211-175138,/content/drive/MyDrive/381V final project/eval data/trimmed_clips/fine_grained_action_localization_4863.mp4,2,0,0,0,4,1408,1408,7929856,262144,563,2,0.010028413889963554
fine_grained_action_localization_4907,P02-20240211-141313,/content/drive/MyDrive/381V final project/eval data/trimmed_clips/fine_grained_action_localization_4907.mp4,4,0,0,0,4,1408,1408,7929856,262144,567,2,0.009039547856316964
fine_grained_action_localization_4922,P02-20240211-111822,/content/drive/MyDrive/381V final project/eval data/trimmed_clips/fine_grained_action_localization_4922.mp4,1,0,0,0,4,1408,1408,7929856,262144,563,2,0.02516778507381295
fine_grained_action_localization_4935,P02-20240209-184316,/content/drive/MyDrive/381V final project/eval data/trimmed_clips/fine_grained_action_localization_4935.mp4,0,0,1,0,4,1408,1408,7929856,262144,563,2,0.0112771358661335
fine_grained_action_localization_4961,P02-20240211-175138,/content/drive/MyDrive/381V final project/eval data/trimmed_clips/fine_grained_action_localization_4961.mp4,4,0,0,0,4,1408,1408,7929856,262144,563,2,0.01721170411054593
fine_grained_action_localization_4974,P02-20240211-120927,/content/drive/MyDrive/381V final project/eval data/trimmed_clips/fine_grained_action_localization_4974.mp4,3,2,0,2,4,1408,1408,7929856,262144,563,2,0.01658833259221604
fine_grained_action_localization_4986,P02-20240211-120927,/content/drive/MyDrive/381V final project/eval data/trimmed_clips/fine_grained_action_localization_4986.mp4,4,0,0,0,4,1408,1408,7929856,262144,564,2,0.02477291589250763
fine_grained_action_localization_5010,P02-20240211-120927,/content/drive/MyDrive/381V final project/eval data/trimmed_clips/fine_grained_action_localization_5010.mp4,0,1,0,1,4,1408,1408,7929856,262144,563,2,0.012071219903587047
fine_grained_action_localization_5024,P02-20240211-111822,/content/drive/MyDrive/381V final project/eval data/trimmed_clips/fine_grained_action_localization_5024.mp4,3,0,0,0,4,1408,1408,7929856,262144,564,2,0.015159171072175707
fine_grained_action_localization_5048,P02-20240211-120927,/content/drive/MyDrive/381V final project/eval data/trimmed_clips/fine_grained_action_localization_5048.mp4,1,2,0,2,4,1408,1408,7929856,262144,563,2,0.016652789190145397
fine_grained_action_localization_5064,P02-20240209-184316,/content/drive/MyDrive/381V final project/eval data/trimmed_clips/fine_grained_action_localization_5064.mp4,2,0,0,0,4,1408,1408,7929856,262144,564,2,0.021711598340379386
fine_grained_action_localization_5085,P02-20240211-120927,/content/drive/MyDrive/381V final project/eval data/trimmed_clips/fine_grained_action_localization_5085.mp4,2,0,0,0,4,1408,1408,7929856,262144,564,2,0.019547157119717797
fine_grained_action_localization_5097,P02-20240211-111822,/content/drive/MyDrive/381V final project/eval data/trimmed_clips/fine_grained_action_localization_5097.mp4,4,1,0,1,4,1408,1408,7929856,262144,565,2,0.014272121789582003
fine_grained_action_localization_5119,P02-20240211-141313,/content/drive/MyDrive/381V final project/eval data/trimmed_clips/fine_grained_action_localization_5119.mp4,3,3,1,3,4,1408,1408,7929856,262144,563,2,0.008214114347075564
fine_grained_action_localization_5142,P02-20240211-175138,/content/drive/MyDrive/381V final project/eval data/trimmed_clips/fine_grained_action_localization_5142.mp4,0,0,1,0,4,1408,1408,7929856,262144,564,2,0.019417476111604968
fine_grained_action_localization_5157,P02-20240211-120927,/content/drive/MyDrive/381V final project/eval data/trimmed_clips/fine_grained_action_localization_5157.mp4,1,0,0,0,4,1408,1408,7929856,262144,563,2,0.00860955649472974
fine_grained_action_localization_5165,P02-20240211-111822,/content/drive/MyDrive/381V final project/eval data/trimmed_clips/fine_grained_action_localization_5165.mp4,4,1,0,1,4,1408,1408,7929856,262144,565,2,0.014272121789582003
fine_grained_action_localization_5181,P02-20240211-175138,/content/drive/MyDrive/381V final project/eval data/trimmed_clips/fine_grained_action_localization_5181.mp4,0,1,0,1,4,1408,1408,7929856,262144,563,2,0.033333332803514276
fine_grained_action_localization_5206,P02-20240211-175138,/content/drive/MyDrive/381V final project/eval data/trimmed_clips/fine_grained_action_localization_5206.mp4,2,0,0,0,4,1408,1408,7929856,262144,564,2,0.02459520330544956
fine_grained_action_localization_5230,P02-20240211-120927,/content/drive/MyDrive/381V final project/eval data/trimmed_clips/fine_grained_action_localization_5230.mp4,3,2,0,2,4,1408,1408,7929856,262144,562,2,0.014219694482173355
fine_grained_action_localization_5256,P02-20240211-120927,/content/drive/MyDrive/381V final project/eval data/trimmed_clips/fine_grained_action_localization_5256.mp4,3,0,0,0,4,1408,1408,7929856,262144,563,2,0.01658833259221604
fine_grained_action_localization_5261,P02-20240211-175138,/content/drive/MyDrive/381V final project/eval data/trimmed_clips/fine_grained_action_localization_5261.mp4,3,2,0,2,4,1408,1408,7929856,262144,563,2,0.020026702889643894
fine_grained_action_localization_5272,P02-20240211-141313,/content/drive/MyDrive/381V final project/eval data/trimmed_clips/fine_grained_action_localization_5272.mp4,4,3,0,3,4,1408,1408,7929856,262144,563,2,0.008214114347075564
fine_grained_action_localization_5284,P02-20240209-184316,/content/drive/MyDrive/381V final project/eval data/trimmed_clips/fine_grained_action_localization_5284.mp4,2,0,0,0,4,1408,1408,7929856,262144,562,2,0.0112771358661335
fine_grained_action_localization_5295,P02-20240209-184316,/content/drive/MyDrive/381V final project/eval data/trimmed_clips/fine_grained_action_localization_5295.mp4,3,3,1,3,4,1408,1408,7929856,262144,562,2,0.015980822558762584
fine_grained_action_localization_5310,P02-20240211-111822,/content/drive/MyDrive/381V final project/eval data/trimmed_clips/fine_grained_action_localization_5310.mp4,0,0,1,0,4,1408,1408,7929856,262144,565,2,0.014251781575904563
fine_grained_action_localization_5351,P02-20240209-184316,/content/drive/MyDrive/381V final project/eval data/trimmed_clips/fine_grained_action_localization_5351.mp4,0,0,1,0,4,1408,1408,7929856,262144,563,2,0.023710729818675592
fine_grained_action_localization_5396,P02-20240211-175138,/content/drive/MyDrive/381V final project/eval data/trimmed_clips/fine_grained_action_localization_5396.mp4,2,3,0,3,4,1408,1408,7929856,262144,564,2,0.016673613510373293
fine_grained_action_localization_5423,P02-20240211-141313,/content/drive/MyDrive/381V final project/eval data/trimmed_clips/fine_grained_action_localization_5423.mp4,2,2,1,2,4,1408,1408,7929856,262144,565,2,0.01760821669984215
fine_grained_action_localization_5452,P02-20240209-184316,/content/drive/MyDrive/381V final project/eval data/trimmed_clips/fine_grained_action_localization_5452.mp4,2,1,0,1,4,1408,1408,7929856,262144,565,2,0.0112771358661335
fine_grained_action_localization_5495,P02-20240211-120927,/content/drive/MyDrive/381V final project/eval data/trimmed_clips/fine_grained_action_localization_5495.mp4,4,0,0,0,4,1408,1408,7929856,262144,563,2,0.016652789190145397
fine_grained_action_localization_5552,P02-20240209-184316,/content/drive/MyDrive/381V final project/eval data/trimmed_clips/fine_grained_action_localization_5552.mp4,1,0,0,0,4,1408,1408,7929856,262144,564,2,0.014736583236799604
fine_grained_action_localization_5599,P02-20240211-175138,/content/drive/MyDrive/381V final project/eval data/trimmed_clips/fine_grained_action_localization_5599.mp4,0,0,1,0,4,1408,1408,7929856,262144,564,2,0.01900237493102695
fine_grained_action_localization_5610,P02-20240211-111822,/content/drive/MyDrive/381V final project/eval data/trimmed_clips/fine_grained_action_localization_5610.mp4,4,0,0,0,4,1408,1408,7929856,262144,565,2,0.02256063209814515
fine_grained_action_localization_5652,P02-20240211-120927,/content/drive/MyDrive/381V final project/eval data/trimmed_clips/fine_grained_action_localization_5652.mp4,2,0,0,0,4,1408,1408,7929856,262144,563,2,0.02477291589250763
fine_grained_action_localization_5674,P02-20240211-120927,/content/drive/MyDrive/381V final project/eval data/trimmed_clips/fine_grained_action_localization_5674.mp4,0,1,0,1,4,1408,1408,7929856,262144,564,2,0.018317813561023567
fine_grained_action_localization_5691,P02-20240211-141313,/content/drive/MyDrive/381V final project/eval data/trimmed_clips/fine_grained_action_localization_5691.mp4,1,3,0,3,4,1408,1408,7929856,262144,565,2,0.019105238576203616
fine_grained_action_localization_5724,P02-20240211-111822,/content/drive/MyDrive/381V final project/eval data/trimmed_clips/fine_grained_action_localization_5724.mp4,4,0,0,0,4,1408,1408,7929856,262144,565,2,0.012623605578021464
fine_grained_action_localization_5749,P02-20240211-111822,/content/drive/MyDrive/381V final project/eval data/trimmed_clips/fine_grained_action_localization_5749.mp4,3,0,0,0,4,1408,1408,7929856,262144,564,2,0.012623605578021464
fine_grained_action_localization_5770,P02-20240209-184316,/content/drive/MyDrive/381V final project/eval data/trimmed_clips/fine_grained_action_localization_5770.mp4,3,0,0,0,4,1408,1408,7929856,262144,564,2,0.014736583236799604
fine_grained_action_localization_5798,P02-20240211-120927,/content/drive/MyDrive/381V final project/eval data/trimmed_clips/fine_grained_action_localization_5798.mp4,2,2,1,2,4,1408,1408,7929856,262144,564,2,0.010010845285367508
fine_grained_action_localization_5824,P02-20240211-120927,/content/drive/MyDrive/381V final project/eval data/trimmed_clips/fine_grained_action_localization_5824.mp4,4,2,0,2,4,1408,1408,7929856,262144,564,2,0.019547157119717797
fine_grained_action_localization_5851,P02-20240209-184316,/content/drive/MyDrive/381V final project/eval data/trimmed_clips/fine_grained_action_localization_5851.mp4,3,0,0,0,4,1408,1408,7929856,262144,562,2,0.01579155132968026
fine_grained_action_localization_5865,P02-20240211-111822,/content/drive/MyDrive/381V final project/eval data/trimmed_clips/fine_grained_action_localization_5865.mp4,1,2,0,2,4,1408,1408,7929856,262144,565,2,0.02256063209814515
fine_grained_action_localization_5885,P02-20240211-141313,/content/drive/MyDrive/381V final project/eval data/trimmed_clips/fine_grained_action_localization_5885.mp4,1,0,0,0,4,1408,1408,7929856,262144,562,2,0.01760821669984215
fine_grained_action_localization_5895,P02-20240211-141313,/content/drive/MyDrive/381V final project/eval data/trimmed_clips/fine_grained_action_localization_5895.mp4,0,0,1,0,4,1408,1408,7929856,262144,562,2,0.009039547856316964
fine_grained_action_localization_5934,P02-20240211-120927,/content/drive/MyDrive/381V final project/eval data/trimmed_clips/fine_grained_action_localization_5934.mp4,3,4,0,4,4,1408,1408,7929856,262144,564,2,0.014270425275849225
fine_grained_action_localization_5948,P02-20240209-184316,/content/drive/MyDrive/381V final project/eval data/trimmed_clips/fine_grained_action_localization_5948.mp4,1,0,0,0,4,1408,1408,7929856,262144,563,2,0.030816640019257498
fine_grained_action_localization_6000,P02-20240211-175138,/content/drive/MyDrive/381V final project/eval data/trimmed_clips/fine_grained_action_localization_6000.mp4,4,4,1,4,4,1408,1408,7929856,262144,563,2,0.033333332803514276
fine_grained_action_localization_6035,P02-20240211-111822,/content/drive/MyDrive/381V final project/eval data/trimmed_clips/fine_grained_action_localization_6035.mp4,1,0,0,0,4,1408,1408,7929856,262144,564,2,0.014251781575904563
fine_grained_action_localization_6050,P02-20240211-141313,/content/drive/MyDrive/381V final project/eval data/trimmed_clips/fine_grained_action_localization_6050.mp4,1,1,1,1,4,1408,1408,7929856,262144,562,2,0.008214114347075564
fine_grained_action_localization_6055,P02-20240209-184316,/content/drive/MyDrive/381V final project/eval data/trimmed_clips/fine_grained_action_localization_6055.mp4,1,3,0,3,4,1408,1408,7929856,262144,562,2,0.015980822558762584
fine_grained_action_localization_6076,P02-20240209-194141,/content/drive/MyDrive/381V final project/eval data/trimmed_clips/fine_grained_action_localization_6076.mp4,4,0,0,0,4,1408,1408,7929856,262144,563,2,0.01241208086330839
fine_grained_action_localization_6087,P02-20240209-184316,/content/drive/MyDrive/381V final project/eval data/trimmed_clips/fine_grained_action_localization_6087.mp4,1,0,0,0,4,1408,1408,7929856,262144,563,2,0.021917808591413512
fine_grained_action_localization_6121,P02-20240211-120927,/content/drive/MyDrive/381V final project/eval data/trimmed_clips/fine_grained_action_localization_6121.mp4,0,1,0,1,4,1408,1408,7929856,262144,563,2,0.016652789190145397
fine_grained_action_localization_6165,P02-20240211-175138,/content/drive/MyDrive/381V final project/eval data/trimmed_clips/fine_grained_action_localization_6165.mp4,0,2,0,2,4,1408,1408,7929856,262144,564,2,0.014130946776607707
fine_grained_action_localization_6182,P02-20240210-122334,/content/drive/MyDrive/381V final project/eval data/trimmed_clips/fine_grained_action_localization_6182.mp4,1,2,0,2,4,1408,1408,7929856,262144,564,2,0.012630249930449452
fine_grained_action_localization_6203,P02-20240211-111822,/content/drive/MyDrive/381V final project/eval data/trimmed_clips/fine_grained_action_localization_6203.mp4,0,0,1,0,4,1408,1408,7929856,262144,564,2,0.015159171072175707
fine_grained_action_localization_6211,P02-20240211-120927,/content/drive/MyDrive/381V final project/eval data/trimmed_clips/fine_grained_action_localization_6211.mp4,4,1,0,1,4,1408,1408,7929856,262144,564,2,0.02477291589250763
fine_grained_action_localization_6245,P02-20240211-111822,/content/drive/MyDrive/381V final project/eval data/trimmed_clips/fine_grained_action_localization_6245.mp4,4,0,0,0,4,1408,1408,7929856,262144,564,2,0.026572187414155034
fine_grained_action_localization_6259,P02-20240211-175138,/content/drive/MyDrive/381V final project/eval data/trimmed_clips/fine_grained_action_localization_6259.mp4,2,0,0,0,4,1408,1408,7929856,262144,565,2,0.011595322809855545
fine_grained_action_localization_6300,P02-20240211-111822,/content/drive/MyDrive/381V final project/eval data/trimmed_clips/fine_grained_action_localization_6300.mp4,3,3,1,3,4,1408,1408,7929856,262144,563,2,0.026572187414155034
fine_grained_action_localization_6324,P02-20240211-120927,/content/drive/MyDrive/381V final project/eval data/trimmed_clips/fine_grained_action_localization_6324.mp4,0,1,0,1,4,1408,1408,7929856,262144,563,2,0.01306051414727566
fine_grained_action_localization_6380,P02-20240211-141313,/content/drive/MyDrive/381V final project/eval data/trimmed_clips/fine_grained_action_localization_6380.mp4,0,0,1,0,4,1408,1408,7929856,262144,566,2,0.009039547856316964
fine_grained_action_localization_6423,P02-20240209-184316,/content/drive/MyDrive/381V final project/eval data/trimmed_clips/fine_grained_action_localization_6423.mp4,0,0,1,0,4,1408,1408,7929856,262144,563,2,0.014736583236799604
fine_grained_action_localization_6447,P02-20240211-141313,/content/drive/MyDrive/381V final project/eval data/trimmed_clips/fine_grained_action_localization_6447.mp4,0,0,1,0,4,1408,1408,7929856,262144,564,2,0.008214114347075564
fine_grained_action_localization_6468,P02-20240209-184316,/content/drive/MyDrive/381V final project/eval data/trimmed_clips/fine_grained_action_localization_6468.mp4,0,1,0,1,4,1408,1408,7929856,262144,562,2,0.015980822558762584
fine_grained_action_localization_6503,P02-20240211-141313,/content/drive/MyDrive/381V final project/eval data/trimmed_clips/fine_grained_action_localization_6503.mp4,1,2,0,2,4,1408,1408,7929856,262144,562,2,0.008214114347075564
fine_grained_action_localization_6537,P02-20240211-111822,/content/drive/MyDrive/381V final project/eval data/trimmed_clips/fine_grained_action_localization_6537.mp4,2,2,1,2,4,1408,1408,7929856,262144,562,2,0.008970621050519314
fine_grained_action_localization_6547,P02-20240211-141313,/content/drive/MyDrive/381V final project/eval data/trimmed_clips/fine_grained_action_localization_6547.mp4,3,0,0,0,4,1408,1408,7929856,262144,562,2,0.008214114347075564
fine_grained_action_localization_6557,P02-20240209-194141,/content/drive/MyDrive/381V final project/eval data/trimmed_clips/fine_grained_action_localization_6557.mp4,2,0,0,0,4,1408,1408,7929856,262144,564,2,0.009761652729387548
fine_grained_action_localization_326,P02-20240211-111822,/content/drive/MyDrive/381V final project/eval data/trimmed_clips/fine_grained_action_localization_326.mp4,4,3,0,3,4,1408,1408,7929856,262144,563,2,0.00797819293727582
fine_grained_action_localization_403,P02-20240211-175138,/content/drive/MyDrive/381V final project/eval data/trimmed_clips/fine_grained_action_localization_403.mp4,3,0,0,0,4,1408,1408,7929856,262144,562,2,0.010028413889963554
fine_grained_action_localization_4082,P02-20240211-175138,/content/drive/MyDrive/381V final project/eval data/trimmed_clips/fine_grained_action_localization_4082.mp4,2,0,0,0,4,1408,1408,7929856,262144,563,2,0.011595322809855545
fine_grained_action_localization_4718,P02-20240211-120927,/content/drive/MyDrive/381V final project/eval data/trimmed_clips/fine_grained_action_localization_4718.mp4,4,0,0,0,4,1408,1408,7929856,262144,563,2,0.00860955649472974
fine_grained_action_localization_5536,P02-20240211-115653,/content/drive/MyDrive/381V final project/eval data/trimmed_clips/fine_grained_action_localization_5536.mp4,1,1,1,1,4,1408,1408,7929856,262144,563,2,0.009910802426090192
fine_grained_action_localization_5920,P02-20240211-175138,/content/drive/MyDrive/381V final project/eval data/trimmed_clips/fine_grained_action_localization_5920.mp4,4,4,1,4,4,1408,1408,7929856,262144,563,2,0.010028413889963554
fine_grained_action_localization_6574,P02-20240209-194141,/content/drive/MyDrive/381V final project/eval data/trimmed_clips/fine_grained_action_localization_6574.mp4,3,0,0,0,4,1408,1408,7929856,262144,564,2,0.01241208086330839
fine_grained_action_localization_6592,P02-20240211-141313,/content/drive/MyDrive/381V final project/eval data/trimmed_clips/fine_grained_action_localization_6592.mp4,0,2,0,2,4,1408,1408,7929856,262144,564,2,0.019105238576203616
fine_grained_action_localization_6609,P02-20240211-175138,/content/drive/MyDrive/381V final project/eval data/trimmed_clips/fine_grained_action_localization_6609.mp4,0,3,0,3,4,1408,1408,7929856,262144,562,2,0.014130946776607707
fine_grained_action_localization_6620,P02-20240211-141313,/content/drive/MyDrive/381V final project/eval data/trimmed_clips/fine_grained_action_localization_6620.mp4,1,0,0,0,4,1408,1408,7929856,262144,564,2,0.019105238576203616
fine_grained_action_localization_6640,P02-20240210-122334,/content/drive/MyDrive/381V final project/eval data/trimmed_clips/fine_grained_action_localization_6640.mp4,0,0,1,0,4,1408,1408,7929856,262144,562,2,0.01938610710146772
fine_grained_action_localization_6652,P02-20240211-111822,/content/drive/MyDrive/381V final project/eval data/trimmed_clips/fine_grained_action_localization_6652.mp4,3,3,1,3,4,1408,1408,7929856,262144,563,2,0.026572187414155034
fine_grained_action_localization_6661,P02-20240211-111822,/content/drive/MyDrive/381V final project/eval data/trimmed_clips/fine_grained_action_localization_6661.mp4,4,0,0,0,4,1408,1408,7929856,262144,565,2,0.014979402863731962
fine_grained_action_localization_6666,P02-20240211-175138,/content/drive/MyDrive/381V final project/eval data/trimmed_clips/fine_grained_action_localization_6666.mp4,4,1,0,1,4,1408,1408,7929856,262144,562,2,0.012578615868875768
fine_grained_action_localization_6698,P02-20240211-111822,/content/drive/MyDrive/381V final project/eval data/trimmed_clips/fine_grained_action_localization_6698.mp4,2,0,0,0,4,1408,1408,7929856,262144,561,2,0.02516778507381295
fine_grained_action_localization_6718,P02-20240211-175138,/content/drive/MyDrive/381V final project/eval data/trimmed_clips/fine_grained_action_localization_6718.mp4,0,0,1,0,4,1408,1408,7929856,262144,562,2,0.020026702889643894
fine_grained_action_localization_6731,P02-20240211-111822,/content/drive/MyDrive/381V final project/eval data/trimmed_clips/fine_grained_action_localization_6731.mp4,2,4,0,4,4,1408,1408,7929856,262144,563,2,0.02516778507381295
fine_grained_action_localization_6752,P02-20240211-141313,/content/drive/MyDrive/381V final project/eval data/trimmed_clips/fine_grained_action_localization_6752.mp4,0,0,1,0,4,1408,1408,7929856,262144,567,2,0.009039547856316964
fine_grained_action_localization_6785,P02-20240209-184316,/content/drive/MyDrive/381V final project/eval data/trimmed_clips/fine_grained_action_localization_6785.mp4,3,0,0,0,4,1408,1408,7929856,262144,562,2,0.021711598340379386
fine_grained_action_localization_6804,P02-20240211-120927,/content/drive/MyDrive/381V final project/eval data/trimmed_clips/fine_grained_action_localization_6804.mp4,1,0,0,0,4,1408,1408,7929856,262144,563,2,0.009965122378163698
fine_grained_action_localization_6822,P02-20240211-111822,/content/drive/MyDrive/381V final project/eval data/trimmed_clips/fine_grained_action_localization_6822.mp4,1,0,0,0,4,1408,1408,7929856,262144,564,2,0.015159171072175707
fine_grained_action_localization_6841,P02-20240211-111822,/content/drive/MyDrive/381V final project/eval data/trimmed_clips/fine_grained_action_localization_6841.mp4,1,2,0,2,4,1408,1408,7929856,262144,564,2,0.02256063209814515
fine_grained_action_localization_6851,P02-20240209-194141,/content/drive/MyDrive/381V final project/eval data/trimmed_clips/fine_grained_action_localization_6851.mp4,1,1,1,1,4,1408,1408,7929856,262144,562,2,0.009761652729387548
fine_grained_action_localization_6870,P02-20240211-120927,/content/drive/MyDrive/381V final project/eval data/trimmed_clips/fine_grained_action_localization_6870.mp4,4,0,0,0,4,1408,1408,7929856,262144,563,2,0.02477291589250763
fine_grained_action_localization_6883,P02-20240209-184316,/content/drive/MyDrive/381V final project/eval data/trimmed_clips/fine_grained_action_localization_6883.mp4,0,3,0,3,4,1408,1408,7929856,262144,562,2,0.0112771358661335
fine_grained_action_localization_6925,P02-20240211-120927,/content/drive/MyDrive/381V final project/eval data/trimmed_clips/fine_grained_action_localization_6925.mp4,2,1,0,1,4,1408,1408,7929856,262144,562,2,0.014270425275849225
fine_grained_action_localization_6942,P02-20240209-184316,/content/drive/MyDrive/381V final project/eval data/trimmed_clips/fine_grained_action_localization_6942.mp4,2,0,0,0,4,1408,1408,7929856,262144,564,2,0.01579155132968026
fine_grained_action_localization_6961,P02-20240211-175138,/content/drive/MyDrive/381V final project/eval data/trimmed_clips/fine_grained_action_localization_6961.mp4,1,0,0,0,4,1408,1408,7929856,262144,563,2,0.029462312122402974
fine_grained_action_localization_6977,P02-20240209-194141,/content/drive/MyDrive/381V final project/eval data/trimmed_clips/fine_grained_action_localization_6977.mp4,0,0,1,0,4,1408,1408,7929856,262144,563,2,0.009761652729387548
fine_grained_action_localization_6986,P02-20240211-141313,/content/drive/MyDrive/381V final project/eval data/trimmed_clips/fine_grained_action_localization_6986.mp4,2,3,0,3,4,1408,1408,7929856,262144,564,2,0.019105238576203616
fine_grained_action_localization_7023,P02-20240211-175138,/content/drive/MyDrive/381V final project/eval data/trimmed_clips/fine_grained_action_localization_7023.mp4,3,3,1,3,4,1408,1408,7929856,262144,563,2,0.020026702889643894
fine_grained_action_localization_7089,P02-20240211-111822,/content/drive/MyDrive/381V final project/eval data/trimmed_clips/fine_grained_action_localization_7089.mp4,1,0,0,0,4,1408,1408,7929856,262144,563,2,0.012623605578021464
fine_grained_action_localization_7130,P02-20240210-122334,/content/drive/MyDrive/381V final project/eval data/trimmed_clips/fine_grained_action_localization_7130.mp4,1,0,0,0,4,1408,1408,7929856,262144,564,2,0.012630249930449452
fine_grained_action_localization_7228,P02-20240211-175138,/content/drive/MyDrive/381V final project/eval data/trimmed_clips/fine_grained_action_localization_7228.mp4,0,1,0,1,4,1408,1408,7929856,262144,564,2,0.020026702889643894
fine_grained_action_localization_7255,P02-20240210-195833,/content/drive/MyDrive/381V final project/eval data/trimmed_clips/fine_grained_action_localization_7255.mp4,3,0,0,0,4,1408,1408,7929856,262144,562,2,0.025597270291097863
fine_grained_action_localization_7278,P02-20240211-120927,/content/drive/MyDrive/381V final project/eval data/trimmed_clips/fine_grained_action_localization_7278.mp4,0,0,1,0,4,1408,1408,7929856,262144,562,2,0.04640371230340111
fine_grained_action_localization_7319,P02-20240211-120927,/content/drive/MyDrive/381V final project/eval data/trimmed_clips/fine_grained_action_localization_7319.mp4,0,0,1,0,4,1408,1408,7929856,262144,564,2,0.010010845285367508
fine_grained_action_localization_7410,P02-20240211-111822,/content/drive/MyDrive/381V final project/eval data/trimmed_clips/fine_grained_action_localization_7410.mp4,3,0,0,0,4,1408,1408,7929856,262144,565,2,0.014251781575904563
fine_grained_action_localization_7428,P02-20240211-111822,/content/drive/MyDrive/381V final project/eval data/trimmed_clips/fine_grained_action_localization_7428.mp4,3,4,0,4,4,1408,1408,7929856,262144,565,2,0.014272121789582003
fine_grained_action_localization_7544,P02-20240211-141313,/content/drive/MyDrive/381V final project/eval data/trimmed_clips/fine_grained_action_localization_7544.mp4,1,2,0,2,4,1408,1408,7929856,262144,565,2,0.008214114347075564
fine_grained_action_localization_7557,P02-20240211-111822,/content/drive/MyDrive/381V final project/eval data/trimmed_clips/fine_grained_action_localization_7557.mp4,3,0,0,0,4,1408,1408,7929856,262144,566,2,0.008970621050519314
fine_grained_action_localization_7577,P02-20240209-184316,/content/drive/MyDrive/381V final project/eval data/trimmed_clips/fine_grained_action_localization_7577.mp4,1,2,0,2,4,1408,1408,7929856,262144,563,2,0.023710729818675592
fine_grained_action_localization_7653,P02-20240210-195833,/content/drive/MyDrive/381V final project/eval data/trimmed_clips/fine_grained_action_localization_7653.mp4,0,0,1,0,4,1408,1408,7929856,262144,561,2,0.025597270291097863
fine_grained_action_localization_7765,P02-20240209-194141,/content/drive/MyDrive/381V final project/eval data/trimmed_clips/fine_grained_action_localization_7765.mp4,4,0,0,0,4,1408,1408,7929856,262144,566,2,0.009761652729387548
fine_grained_action_localization_7799,P02-20240211-175138,/content/drive/MyDrive/381V final project/eval data/trimmed_clips/fine_grained_action_localization_7799.mp4,0,3,0,3,4,1408,1408,7929856,262144,563,2,0.0326797376136217
fine_grained_action_localization_7808,P02-20240211-141313,/content/drive/MyDrive/381V final project/eval data/trimmed_clips/fine_grained_action_localization_7808.mp4,3,0,0,0,4,1408,1408,7929856,262144,564,2,0.008214114347075564
fine_grained_action_localization_7855,P02-20240211-141313,/content/drive/MyDrive/381V final project/eval data/trimmed_clips/fine_grained_action_localization_7855.mp4,4,0,0,0,4,1408,1408,7929856,262144,565,2,0.02372010206720269
fine_grained_action_localization_7877,P02-20240209-184316,/content/drive/MyDrive/381V final project/eval data/trimmed_clips/fine_grained_action_localization_7877.mp4,4,2,0,2,4,1408,1408,7929856,262144,564,2,0.01579155132968026
fine_grained_action_localization_7928,P02-20240211-120927,/content/drive/MyDrive/381V final project/eval data/trimmed_clips/fine_grained_action_localization_7928.mp4,4,2,0,2,4,1408,1408,7929856,262144,562,2,0.017311021730120852
fine_grained_action_localization_7938,P02-20240211-111219,/content/drive/MyDrive/381V final project/eval data/trimmed_clips/fine_grained_action_localization_7938.mp4,2,4,0,4,4,1408,1408,7929856,262144,564,2,0.039331365363467166
fine_grained_action_localization_7950,P02-20240209-184316,/content/drive/MyDrive/381V final project/eval data/trimmed_clips/fine_grained_action_localization_7950.mp4,3,0,0,0,4,1408,1408,7929856,262144,563,2,0.021917808591413512
fine_grained_action_localization_7965,P02-20240211-175138,/content/drive/MyDrive/381V final project/eval data/trimmed_clips/fine_grained_action_localization_7965.mp4,3,2,0,2,4,1408,1408,7929856,262144,563,2,0.033333332803514276
fine_grained_action_localization_7992,P02-20240211-111822,/content/drive/MyDrive/381V final project/eval data/trimmed_clips/fine_grained_action_localization_7992.mp4,2,1,0,1,4,1408,1408,7929856,262144,561,2,0.025712448441525433
fine_grained_action_localization_8005,P02-20240210-122334,/content/drive/MyDrive/381V final project/eval data/trimmed_clips/fine_grained_action_localization_8005.mp4,4,0,0,0,4,1408,1408,7929856,262144,565,2,0.012630249930449452
fine_grained_action_localization_8047,P02-20240211-111822,/content/drive/MyDrive/381V final project/eval data/trimmed_clips/fine_grained_action_localization_8047.mp4,3,0,0,0,4,1408,1408,7929856,262144,562,2,0.02516778507381295
fine_grained_action_localization_8087,P02-20240211-175138,/content/drive/MyDrive/381V final project/eval data/trimmed_clips/fine_grained_action_localization_8087.mp4,0,2,0,2,4,1408,1408,7929856,262144,563,2,0.02985074602965391
fine_grained_action_localization_8108,P02-20240209-194141,/content/drive/MyDrive/381V final project/eval data/trimmed_clips/fine_grained_action_localization_8108.mp4,2,0,0,0,4,1408,1408,7929856,262144,560,2,0.07009345919338938
fine_grained_action_localization_8124,P02-20240211-175138,/content/drive/MyDrive/381V final project/eval data/trimmed_clips/fine_grained_action_localization_8124.mp4,4,0,0,0,4,1408,1408,7929856,262144,563,2,0.012578615868875768
fine_grained_action_localization_8166,P02-20240211-111822,/content/drive/MyDrive/381V final project/eval data/trimmed_clips/fine_grained_action_localization_8166.mp4,2,1,0,1,4,1408,1408,7929856,262144,564,2,0.02256063209814515
fine_grained_action_localization_8199,P02-20240209-194141,/content/drive/MyDrive/381V final project/eval data/trimmed_clips/fine_grained_action_localization_8199.mp4,4,0,0,0,4,1408,1408,7929856,262144,562,2,0.010024225364454135
fine_grained_action_localization_8215,P02-20240209-184316,/content/drive/MyDrive/381V final project/eval data/trimmed_clips/fine_grained_action_localization_8215.mp4,4,0,0,0,4,1408,1408,7929856,262144,564,2,0.021917808591413512
fine_grained_action_localization_8286,P02-20240211-175138,/content/drive/MyDrive/381V final project/eval data/trimmed_clips/fine_grained_action_localization_8286.mp4,2,0,0,0,4,1408,1408,7929856,262144,563,2,0.019417476111604968
fine_grained_action_localization_8311,P02-20240211-111822,/content/drive/MyDrive/381V final project/eval data/trimmed_clips/fine_grained_action_localization_8311.mp4,4,2,0,2,4,1408,1408,7929856,262144,562,2,0.02256063209814515
fine_grained_action_localization_8358,P02-20240211-175138,/content/drive/MyDrive/381V final project/eval data/trimmed_clips/fine_grained_action_localization_8358.mp4,3,0,0,0,4,1408,1408,7929856,262144,564,2,0.019417476111604968
fine_grained_action_localization_8374,P02-20240211-141313,/content/drive/MyDrive/381V final project/eval data/trimmed_clips/fine_grained_action_localization_8374.mp4,0,0,1,0,4,1408,1408,7929856,262144,564,2,0.019105238576203616
fine_grained_action_localization_8382,P02-20240211-111822,/content/drive/MyDrive/381V final project/eval data/trimmed_clips/fine_grained_action_localization_8382.mp4,0,0,1,0,4,1408,1408,7929856,262144,565,2,0.012623605578021464
fine_grained_action_localization_8443,P02-20240211-120927,/content/drive/MyDrive/381V final project/eval data/trimmed_clips/fine_grained_action_localization_8443.mp4,4,0,0,0,4,1408,1408,7929856,262144,564,2,0.01658833259221604
fine_grained_action_localization_8472,P02-20240211-175138,/content/drive/MyDrive/381V final project/eval data/trimmed_clips/fine_grained_action_localization_8472.mp4,0,4,0,4,4,1408,1408,7929856,262144,563,2,0.0326797376136217
fine_grained_action_localization_8515,P02-20240211-120927,/content/drive/MyDrive/381V final project/eval data/trimmed_clips/fine_grained_action_localization_8515.mp4,0,0,1,0,4,1408,1408,7929856,262144,565,2,0.016652789190145397
fine_grained_action_localization_8531,P02-20240211-111822,/content/drive/MyDrive/381V final project/eval data/trimmed_clips/fine_grained_action_localization_8531.mp4,2,0,0,0,4,1408,1408,7929856,262144,563,2,0.014251781575904563
fine_grained_action_localization_8575,P02-20240211-111822,/content/drive/MyDrive/381V final project/eval data/trimmed_clips/fine_grained_action_localization_8575.mp4,3,1,0,1,4,1408,1408,7929856,262144,562,2,0.025712448441525433
fine_grained_action_localization_8604,P02-20240211-111822,/content/drive/MyDrive/381V final project/eval data/trimmed_clips/fine_grained_action_localization_8604.mp4,4,3,0,3,4,1408,1408,7929856,262144,564,2,0.026572187414155034
fine_grained_action_localization_8698,P02-20240211-175138,/content/drive/MyDrive/381V final project/eval data/trimmed_clips/fine_grained_action_localization_8698.mp4,1,4,0,4,4,1408,1408,7929856,262144,565,2,0.014130946776607707
fine_grained_action_localization_8728,P02-20240211-120927,/content/drive/MyDrive/381V final project/eval data/trimmed_clips/fine_grained_action_localization_8728.mp4,3,0,0,0,4,1408,1408,7929856,262144,564,2,0.04640371230340111
fine_grained_action_localization_8755,P02-20240211-175138,/content/drive/MyDrive/381V final project/eval data/trimmed_clips/fine_grained_action_localization_8755.mp4,1,2,0,2,4,1408,1408,7929856,262144,563,2,0.033333332803514276
fine_grained_action_localization_8774,P02-20240211-111822,/content/drive/MyDrive/381V final project/eval data/trimmed_clips/fine_grained_action_localization_8774.mp4,1,0,0,0,4,1408,1408,7929856,262144,564,2,0.014596764925325264
fine_grained_action_localization_8820,P02-20240211-111822,/content/drive/MyDrive/381V final project/eval data/trimmed_clips/fine_grained_action_localization_8820.mp4,3,0,0,0,4,1408,1408,7929856,262144,564,2,0.014272121789582003
fine_grained_action_localization_8892,P02-20240210-195833,/content/drive/MyDrive/381V final project/eval data/trimmed_clips/fine_grained_action_localization_8892.mp4,0,3,0,3,4,1408,1408,7929856,262144,561,2,0.025597270291097863
fine_grained_action_localization_8905,P02-20240211-115653,/content/drive/MyDrive/381V final project/eval data/trimmed_clips/fine_grained_action_localization_8905.mp4,2,0,0,0,4,1408,1408,7929856,262144,563,2,0.009910802426090192
fine_grained_action_localization_8953,P02-20240210-100308,/content/drive/MyDrive/381V final project/eval data/trimmed_clips/fine_grained_action_localization_8953.mp4,2,2,1,2,4,1408,1408,7929856,262144,563,2,0.018936405878851554
fine_grained_action_localization_8982,P02-20240210-100308,/content/drive/MyDrive/381V final project/eval data/trimmed_clips/fine_grained_action_localization_8982.mp4,0,0,1,0,4,1408,1408,7929856,262144,562,2,0.018936405878851554
fine_grained_action_localization_9007,P02-20240211-120927,/content/drive/MyDrive/381V final project/eval data/trimmed_clips/fine_grained_action_localization_9007.mp4,0,1,0,1,4,1408,1408,7929856,262144,566,2,0.017311021730120852
fine_grained_action_localization_9027,P02-20240211-104948,/content/drive/MyDrive/381V final project/eval data/trimmed_clips/fine_grained_action_localization_9027.mp4,2,0,0,0,4,1408,1408,7929856,262144,563,2,0.023378142411783324
fine_grained_action_localization_9061,P02-20240211-141313,/content/drive/MyDrive/381V final project/eval data/trimmed_clips/fine_grained_action_localization_9061.mp4,1,3,0,3,4,1408,1408,7929856,262144,567,2,0.01760821669984215
fine_grained_action_localization_9068,P02-20240211-115653,/content/drive/MyDrive/381V final project/eval data/trimmed_clips/fine_grained_action_localization_9068.mp4,0,3,0,3,4,1408,1408,7929856,262144,566,2,0.015764582548657587
fine_grained_action_localization_9111,P02-20240211-175138,/content/drive/MyDrive/381V final project/eval data/trimmed_clips/fine_grained_action_localization_9111.mp4,0,0,1,0,4,1408,1408,7929856,262144,563,2,0.012578615868875768
fine_grained_action_localization_9213,P02-20240209-184316,/content/drive/MyDrive/381V final project/eval data/trimmed_clips/fine_grained_action_localization_9213.mp4,1,0,0,0,4,1408,1408,7929856,262144,565,2,0.014736583236799604
fine_grained_action_localization_9289,P02-20240211-104948,/content/drive/MyDrive/381V final project/eval data/trimmed_clips/fine_grained_action_localization_9289.mp4,1,1,1,1,4,1408,1408,7929856,262144,566,2,0.02715546409837971
fine_grained_action_localization_9320,P02-20240211-111822,/content/drive/MyDrive/381V final project/eval data/trimmed_clips/fine_grained_action_localization_9320.mp4,1,0,0,0,4,1408,1408,7929856,262144,562,2,0.025712448441525433
fine_grained_action_localization_9388,P02-20240211-141313,/content/drive/MyDrive/381V final project/eval data/trimmed_clips/fine_grained_action_localization_9388.mp4,4,1,0,1,4,1408,1408,7929856,262144,564,2,0.019801980712205555
fine_grained_action_localization_9464,P02-20240211-141313,/content/drive/MyDrive/381V final project/eval data/trimmed_clips/fine_grained_action_localization_9464.mp4,1,4,0,4,4,1408,1408,7929856,262144,563,2,0.035314890151014224
fine_grained_action_localization_9498,P02-20240211-175138,/content/drive/MyDrive/381V final project/eval data/trimmed_clips/fine_grained_action_localization_9498.mp4,0,2,0,2,4,1408,1408,7929856,262144,562,2,0.012578615868875768
fine_grained_action_localization_9535,P02-20240211-141313,/content/drive/MyDrive/381V final project/eval data/trimmed_clips/fine_grained_action_localization_9535.mp4,3,0,0,0,4,1408,1408,7929856,262144,564,2,0.019801980712205555
fine_grained_action_localization_9577,P02-20240211-175138,/content/drive/MyDrive/381V final project/eval data/trimmed_clips/fine_grained_action_localization_9577.mp4,4,1,0,1,4,1408,1408,7929856,262144,562,2,0.019417476111604968
fine_grained_action_localization_9606,P02-20240209-184316,/content/drive/MyDrive/381V final project/eval data/trimmed_clips/fine_grained_action_localization_9606.mp4,3,3,1,3,4,1408,1408,7929856,262144,564,2,0.013922728758958131
fine_grained_action_localization_9640,P02-20240211-104948,/content/drive/MyDrive/381V final project/eval data/trimmed_clips/fine_grained_action_localization_9640.mp4,1,3,0,3,4,1408,1408,7929856,262144,564,2,0.023378142411783324
fine_grained_action_localization_9664,P02-20240211-111822,/content/drive/MyDrive/381V final project/eval data/trimmed_clips/fine_grained_action_localization_9664.mp4,3,0,0,0,4,1408,1408,7929856,262144,563,2,0.01170731707044757
fine_grained_action_localization_9685,P02-20240211-175138,/content/drive/MyDrive/381V final project/eval data/trimmed_clips/fine_grained_action_localization_9685.mp4,2,4,0,4,4,1408,1408,7929856,262144,564,2,0.029462312122402974
fine_grained_action_localization_9747,P02-20240209-184316,/content/drive/MyDrive/381V final project/eval data/trimmed_clips/fine_grained_action_localization_9747.mp4,4,0,0,0,4,1408,1408,7929856,262144,563,2,0.043525570324598924
fine_grained_action_localization_9793,P02-20240211-141313,/content/drive/MyDrive/381V final project/eval data/trimmed_clips/fine_grained_action_localization_9793.mp4,0,2,0,2,4,1408,1408,7929856,262144,564,2,0.019801980712205555
fine_grained_action_localization_9834,P02-20240211-175138,/content/drive/MyDrive/381V final project/eval data/trimmed_clips/fine_grained_action_localization_9834.mp4,1,2,0,2,4,1408,1408,7929856,262144,563,2,0.012578615868875768
fine_grained_action_localization_9871,P02-20240211-111822,/content/drive/MyDrive/381V final project/eval data/trimmed_clips/fine_grained_action_localization_9871.mp4,0,0,1,0,4,1408,1408,7929856,262144,564,2,0.014272121789582003
fine_grained_action_localization_9888,P02-20240210-122334,/content/drive/MyDrive/381V final project/eval data/trimmed_clips/fine_grained_action_localization_9888.mp4,0,1,0,1,4,1408,1408,7929856,262144,562,2,0.01938610710146772
fine_grained_action_localization_9905,P02-20240211-104948,/content/drive/MyDrive/381V final project/eval data/trimmed_clips/fine_grained_action_localization_9905.mp4,0,4,0,4,4,1408,1408,7929856,262144,564,2,0.02715546409837971
fine_grained_action_localization_9935,P02-20240211-175138,/content/drive/MyDrive/381V final project/eval data/trimmed_clips/fine_grained_action_localization_9935.mp4,2,0,0,0,4,1408,1408,7929856,262144,563,2,0.012578615868875768
fine_grained_action_localization_9965,P02-20240211-111822,/content/drive/MyDrive/381V final project/eval data/trimmed_clips/fine_grained_action_localization_9965.mp4,3,3,1,3,4,1408,1408,7929856,262144,565,2,0.012623605578021464
fine_grained_action_recognition_33,P02-20240210-100308,/content/drive/MyDrive/381V final project/eval data/trimmed_clips/fine_grained_action_recognition_33.mp4,2,0,0,0,4,1408,1408,7929856,262144,449,2,1.1764705758606275
fine_grained_action_recognition_60,P02-20240209-184316,/content/drive/MyDrive/381V final project/eval data/trimmed_clips/fine_grained_action_recognition_60.mp4,0,4,0,4,4,1408,1408,7929856,262144,445,2,1.2499999813735487
fine_grained_action_localization_590,P02-20240209-194141,/content/drive/MyDrive/381V final project/eval data/trimmed_clips/fine_grained_action_localization_590.mp4,2,0,0,0,4,1408,1408,7929856,262144,563,2,0.009761652729387548
fine_grained_action_localization_1095,P02-20240211-141313,/content/drive/MyDrive/381V final project/eval data/trimmed_clips/fine_grained_action_localization_1095.mp4,0,1,0,1,4,1408,1408,7929856,262144,562,2,0.011447104904612329
fine_grained_action_localization_8187,P02-20240209-194141,/content/drive/MyDrive/381V final project/eval data/trimmed_clips/fine_grained_action_localization_8187.mp4,2,1,0,1,4,1408,1408,7929856,262144,562,2,0.009761652729387548
fine_grained_action_localization_9915,P02-20240211-141313,/content/drive/MyDrive/381V final project/eval data/trimmed_clips/fine_grained_action_localization_9915.mp4,4,0,0,0,4,1408,1408,7929856,262144,564,2,0.011447104904612329
fine_grained_action_localization_1824,P02-20240211-111822,/content/drive/MyDrive/381V final project/eval data/trimmed_clips/fine_grained_action_localization_1824.mp4,1,0,0,0,4,1408,1408,7929856,262144,564,2,0.00797819293727582
fine_grained_action_localization_1994,P02-20240211-111822,/content/drive/MyDrive/381V final project/eval data/trimmed_clips/fine_grained_action_localization_1994.mp4,0,0,1,0,4,1408,1408,7929856,262144,563,2,0.00797819293727582
fine_grained_action_localization_2593,P02-20240211-141313,/content/drive/MyDrive/381V final project/eval data/trimmed_clips/fine_grained_action_localization_2593.mp4,3,1,0,1,4,1408,1408,7929856,262144,563,2,0.011447104904612329
fine_grained_action_localization_5405,P02-20240211-111822,/content/drive/MyDrive/381V final project/eval data/trimmed_clips/fine_grained_action_localization_5405.mp4,2,0,0,0,4,1408,1408,7929856,262144,564,2,0.008970621050519314
fine_grained_action_localization_5709,P02-20240211-111822,/content/drive/MyDrive/381V final project/eval data/trimmed_clips/fine_grained_action_localization_5709.mp4,3,0,0,0,4,1408,1408,7929856,262144,564,2,0.00797819293727582
fine_grained_action_localization_7062,P02-20240211-141313,/content/drive/MyDrive/381V final project/eval data/trimmed_clips/fine_grained_action_localization_7062.mp4,3,3,1,3,4,1408,1408,7929856,262144,564,2,0.011447104904612329
fine_grained_action_localization_8869,P02-20240211-111822,/content/drive/MyDrive/381V final project/eval data/trimmed_clips/fine_grained_action_localization_8869.mp4,4,0,0,0,4,1408,1408,7929856,262144,564,2,0.01170731707044757
